"ligand","receptor","pathway_name","annotation","evidence","ligand_receptor"
"TGFB1","TGFbR1_R2","TGFb","Secreted Signaling","KEGG: hsa04350","TGFB1_TGFbR1_R2"
"TGFB2","TGFbR1_R2","TGFb","Secreted Signaling","KEGG: hsa04350","TGFB2_TGFbR1_R2"
"TGFB3","TGFbR1_R2","TGFb","Secreted Signaling","KEGG: hsa04350","TGFB3_TGFbR1_R2"
"TGFB1","ACVR1B_TGFbR2","TGFb","Secreted Signaling","PMID: 27449815","TGFB1_ACVR1B_TGFbR2"
"TGFB1","ACVR1C_TGFbR2","TGFb","Secreted Signaling","PMID: 27449815","TGFB1_ACVR1C_TGFbR2"
"TGFB2","ACVR1B_TGFbR2","TGFb","Secreted Signaling","PMID: 27449815","TGFB2_ACVR1B_TGFbR2"
"TGFB2","ACVR1C_TGFbR2","TGFb","Secreted Signaling","PMID: 27449815","TGFB2_ACVR1C_TGFbR2"
"TGFB3","ACVR1B_TGFbR2","TGFb","Secreted Signaling","PMID: 27449815","TGFB3_ACVR1B_TGFbR2"
"TGFB3","ACVR1C_TGFbR2","TGFb","Secreted Signaling","PMID: 27449815","TGFB3_ACVR1C_TGFbR2"
"TGFB1","ACVR1_TGFbR","TGFb","Secreted Signaling","PMID: 29376829","TGFB1_ACVR1_TGFbR"
"TGFB2","ACVR1_TGFbR","TGFb","Secreted Signaling","PMID: 29376829","TGFB2_ACVR1_TGFbR"
"TGFB3","ACVR1_TGFbR","TGFb","Secreted Signaling","PMID: 29376829","TGFB3_ACVR1_TGFbR"
"BMP2","BMPR1A_ACVR2A","BMP","Secreted Signaling","KEGG: hsa04350; PMID:26893264","BMP2_BMPR1A_ACVR2A"
"BMP2","BMPR1A_ACVR2B","BMP","Secreted Signaling","KEGG: hsa04350; PMID:26893264","BMP2_BMPR1A_ACVR2B"
"BMP2","BMPR1A_BMPR2","BMP","Secreted Signaling","KEGG: hsa04350; PMID:26893264","BMP2_BMPR1A_BMPR2"
"BMP2","BMPR1B_ACVR2A","BMP","Secreted Signaling","KEGG: hsa04350; PMID:26893264","BMP2_BMPR1B_ACVR2A"
"BMP2","BMPR1B_ACVR2B","BMP","Secreted Signaling","KEGG: hsa04350; PMID:26893264","BMP2_BMPR1B_ACVR2B"
"BMP2","BMPR1B_BMPR2","BMP","Secreted Signaling","KEGG: hsa04350; PMID:26893264","BMP2_BMPR1B_BMPR2"
"BMP4","BMPR1A_ACVR2A","BMP","Secreted Signaling","KEGG: hsa04350; PMID:26893264","BMP4_BMPR1A_ACVR2A"
"BMP4","BMPR1A_ACVR2B","BMP","Secreted Signaling","KEGG: hsa04350; PMID:26893264","BMP4_BMPR1A_ACVR2B"
"BMP4","BMPR1A_BMPR2","BMP","Secreted Signaling","KEGG: hsa04350; PMID:26893264","BMP4_BMPR1A_BMPR2"
"BMP4","BMPR1B_ACVR2A","BMP","Secreted Signaling","KEGG: hsa04350; PMID:26893264","BMP4_BMPR1B_ACVR2A"
"BMP4","BMPR1B_ACVR2B","BMP","Secreted Signaling","KEGG: hsa04350; PMID:26893264","BMP4_BMPR1B_ACVR2B"
"BMP4","BMPR1B_BMPR2","BMP","Secreted Signaling","KEGG: hsa04350; PMID:26893264","BMP4_BMPR1B_BMPR2"
"GDF5","BMPR1A_ACVR2A","BMP","Secreted Signaling","KEGG: hsa04350; PMID:26893264","GDF5_BMPR1A_ACVR2A"
"GDF5","BMPR1A_ACVR2B","BMP","Secreted Signaling","KEGG: hsa04350; PMID:26893264","GDF5_BMPR1A_ACVR2B"
"GDF5","BMPR1A_BMPR2","BMP","Secreted Signaling","KEGG: hsa04350; PMID:26893264","GDF5_BMPR1A_BMPR2"
"GDF5","BMPR1B_ACVR2A","BMP","Secreted Signaling","KEGG: hsa04350; PMID:26893264","GDF5_BMPR1B_ACVR2A"
"GDF5","BMPR1B_ACVR2B","BMP","Secreted Signaling","KEGG: hsa04350; PMID:26893264","GDF5_BMPR1B_ACVR2B"
"GDF5","BMPR1B_BMPR2","BMP","Secreted Signaling","KEGG: hsa04350; PMID:26893264","GDF5_BMPR1B_BMPR2"
"GDF6","BMPR1A_ACVR2A","BMP","Secreted Signaling","KEGG: hsa04350; PMID:26893264","GDF6_BMPR1A_ACVR2A"
"GDF6","BMPR1A_ACVR2B","BMP","Secreted Signaling","KEGG: hsa04350; PMID:26893264","GDF6_BMPR1A_ACVR2B"
"GDF6","BMPR1A_BMPR2","BMP","Secreted Signaling","KEGG: hsa04350; PMID:26893264","GDF6_BMPR1A_BMPR2"
"GDF6","BMPR1B_ACVR2A","BMP","Secreted Signaling","KEGG: hsa04350; PMID:26893264","GDF6_BMPR1B_ACVR2A"
"GDF6","BMPR1B_ACVR2B","BMP","Secreted Signaling","KEGG: hsa04350; PMID:26893264","GDF6_BMPR1B_ACVR2B"
"GDF6","BMPR1B_BMPR2","BMP","Secreted Signaling","KEGG: hsa04350; PMID:26893264","GDF6_BMPR1B_BMPR2"
"GDF7","BMPR1A_ACVR2A","BMP","Secreted Signaling","KEGG: hsa04350; PMID:26893264","GDF7_BMPR1A_ACVR2A"
"GDF7","BMPR1A_ACVR2B","BMP","Secreted Signaling","KEGG: hsa04350; PMID:26893264","GDF7_BMPR1A_ACVR2B"
"GDF7","BMPR1A_BMPR2","BMP","Secreted Signaling","KEGG: hsa04350; PMID:26893264","GDF7_BMPR1A_BMPR2"
"GDF7","BMPR1B_ACVR2A","BMP","Secreted Signaling","KEGG: hsa04350; PMID:26893264","GDF7_BMPR1B_ACVR2A"
"GDF7","BMPR1B_ACVR2B","BMP","Secreted Signaling","KEGG: hsa04350; PMID:26893264","GDF7_BMPR1B_ACVR2B"
"GDF7","BMPR1B_BMPR2","BMP","Secreted Signaling","KEGG: hsa04350; PMID:26893264","GDF7_BMPR1B_BMPR2"
"BMP15","BMPR1B_BMPR2","BMP","Secreted Signaling","KEGG: hsa04350; PMID:26893264","BMP15_BMPR1B_BMPR2"
"BMP5","ACVR1_ACVR2A","BMP","Secreted Signaling","KEGG: hsa04350; PMID:26893264","BMP5_ACVR1_ACVR2A"
"BMP5","ACVR1_ACVR2B","BMP","Secreted Signaling","KEGG: hsa04350; PMID:26893264","BMP5_ACVR1_ACVR2B"
"BMP5","ACVR1_BMPR2","BMP","Secreted Signaling","KEGG: hsa04350; PMID:26893264","BMP5_ACVR1_BMPR2"
"BMP5","BMPR1A_ACVR2A","BMP","Secreted Signaling","KEGG: hsa04350; PMID:26893264","BMP5_BMPR1A_ACVR2A"
"BMP5","BMPR1A_ACVR2B","BMP","Secreted Signaling","KEGG: hsa04350; PMID:26893264","BMP5_BMPR1A_ACVR2B"
"BMP5","BMPR1A_BMPR2","BMP","Secreted Signaling","KEGG: hsa04350; PMID:26893264","BMP5_BMPR1A_BMPR2"
"BMP5","BMPR1B_ACVR2A","BMP","Secreted Signaling","KEGG: hsa04350; PMID:26893264","BMP5_BMPR1B_ACVR2A"
"BMP5","BMPR1B_ACVR2B","BMP","Secreted Signaling","KEGG: hsa04350; PMID:26893264","BMP5_BMPR1B_ACVR2B"
"BMP5","BMPR1B_BMPR2","BMP","Secreted Signaling","KEGG: hsa04350; PMID:26893264","BMP5_BMPR1B_BMPR2"
"BMP6","ACVR1_ACVR2A","BMP","Secreted Signaling","KEGG: hsa04350; PMID:26893264","BMP6_ACVR1_ACVR2A"
"BMP6","ACVR1_ACVR2B","BMP","Secreted Signaling","KEGG: hsa04350; PMID:26893264","BMP6_ACVR1_ACVR2B"
"BMP6","ACVR1_BMPR2","BMP","Secreted Signaling","KEGG: hsa04350; PMID:26893264","BMP6_ACVR1_BMPR2"
"BMP6","BMPR1A_ACVR2A","BMP","Secreted Signaling","KEGG: hsa04350; PMID:26893264","BMP6_BMPR1A_ACVR2A"
"BMP6","BMPR1A_ACVR2B","BMP","Secreted Signaling","KEGG: hsa04350; PMID:26893264","BMP6_BMPR1A_ACVR2B"
"BMP6","BMPR1A_BMPR2","BMP","Secreted Signaling","KEGG: hsa04350; PMID:26893264","BMP6_BMPR1A_BMPR2"
"BMP6","BMPR1B_ACVR2A","BMP","Secreted Signaling","KEGG: hsa04350; PMID:26893264","BMP6_BMPR1B_ACVR2A"
"BMP6","BMPR1B_ACVR2B","BMP","Secreted Signaling","KEGG: hsa04350; PMID:26893264","BMP6_BMPR1B_ACVR2B"
"BMP6","BMPR1B_BMPR2","BMP","Secreted Signaling","KEGG: hsa04350; PMID:26893264","BMP6_BMPR1B_BMPR2"
"BMP7","ACVR1_ACVR2A","BMP","Secreted Signaling","KEGG: hsa04350; PMID:26893264","BMP7_ACVR1_ACVR2A"
"BMP7","ACVR1_ACVR2B","BMP","Secreted Signaling","KEGG: hsa04350; PMID:26893264","BMP7_ACVR1_ACVR2B"
"BMP7","ACVR1_BMPR2","BMP","Secreted Signaling","KEGG: hsa04350; PMID:26893264","BMP7_ACVR1_BMPR2"
"BMP7","BMPR1A_ACVR2A","BMP","Secreted Signaling","KEGG: hsa04350; PMID:26893264","BMP7_BMPR1A_ACVR2A"
"BMP7","BMPR1A_ACVR2B","BMP","Secreted Signaling","KEGG: hsa04350; PMID:26893264","BMP7_BMPR1A_ACVR2B"
"BMP7","BMPR1A_BMPR2","BMP","Secreted Signaling","KEGG: hsa04350; PMID:26893264","BMP7_BMPR1A_BMPR2"
"BMP7","BMPR1B_ACVR2A","BMP","Secreted Signaling","KEGG: hsa04350; PMID:26893264","BMP7_BMPR1B_ACVR2A"
"BMP7","BMPR1B_ACVR2B","BMP","Secreted Signaling","KEGG: hsa04350; PMID:26893264","BMP7_BMPR1B_ACVR2B"
"BMP7","BMPR1B_BMPR2","BMP","Secreted Signaling","KEGG: hsa04350; PMID:26893264","BMP7_BMPR1B_BMPR2"
"BMP8A","ACVR1_ACVR2A","BMP","Secreted Signaling","KEGG: hsa04350; PMID:26893264","BMP8A_ACVR1_ACVR2A"
"BMP8A","ACVR1_ACVR2B","BMP","Secreted Signaling","KEGG: hsa04350; PMID:26893264","BMP8A_ACVR1_ACVR2B"
"BMP8A","ACVR1_BMPR2","BMP","Secreted Signaling","KEGG: hsa04350; PMID:26893264","BMP8A_ACVR1_BMPR2"
"BMP8A","BMPR1A_ACVR2A","BMP","Secreted Signaling","KEGG: hsa04350; PMID:26893264","BMP8A_BMPR1A_ACVR2A"
"BMP8A","BMPR1A_ACVR2B","BMP","Secreted Signaling","KEGG: hsa04350; PMID:26893264","BMP8A_BMPR1A_ACVR2B"
"BMP8A","BMPR1A_BMPR2","BMP","Secreted Signaling","KEGG: hsa04350; PMID:26893264","BMP8A_BMPR1A_BMPR2"
"BMP8A","BMPR1B_ACVR2A","BMP","Secreted Signaling","KEGG: hsa04350; PMID:26893264","BMP8A_BMPR1B_ACVR2A"
"BMP8A","BMPR1B_ACVR2B","BMP","Secreted Signaling","KEGG: hsa04350; PMID:26893264","BMP8A_BMPR1B_ACVR2B"
"BMP8A","BMPR1B_BMPR2","BMP","Secreted Signaling","KEGG: hsa04350; PMID:26893264","BMP8A_BMPR1B_BMPR2"
"BMP8B","ACVR1_ACVR2A","BMP","Secreted Signaling","KEGG: hsa04350; PMID:26893264","BMP8B_ACVR1_ACVR2A"
"BMP8B","ACVR1_ACVR2B","BMP","Secreted Signaling","KEGG: hsa04350; PMID:26893264","BMP8B_ACVR1_ACVR2B"
"BMP8B","ACVR1_BMPR2","BMP","Secreted Signaling","KEGG: hsa04350; PMID:26893264","BMP8B_ACVR1_BMPR2"
"BMP8B","BMPR1A_ACVR2A","BMP","Secreted Signaling","KEGG: hsa04350; PMID:26893264","BMP8B_BMPR1A_ACVR2A"
"BMP8B","BMPR1A_ACVR2B","BMP","Secreted Signaling","KEGG: hsa04350; PMID:26893264","BMP8B_BMPR1A_ACVR2B"
"BMP8B","BMPR1A_BMPR2","BMP","Secreted Signaling","KEGG: hsa04350; PMID:26893264","BMP8B_BMPR1A_BMPR2"
"BMP8B","BMPR1B_ACVR2A","BMP","Secreted Signaling","KEGG: hsa04350; PMID:26893264","BMP8B_BMPR1B_ACVR2A"
"BMP8B","BMPR1B_ACVR2B","BMP","Secreted Signaling","KEGG: hsa04350; PMID:26893264","BMP8B_BMPR1B_ACVR2B"
"BMP8B","BMPR1B_BMPR2","BMP","Secreted Signaling","KEGG: hsa04350; PMID:26893264","BMP8B_BMPR1B_BMPR2"
"BMP10","ACVRL1_BMPR2","BMP10","Secreted Signaling","KEGG: hsa04350; PMID:26893264; PMID: 25620979","BMP10_ACVRL1_BMPR2"
"BMP10","ACVRL1_ACVR2A","BMP10","Secreted Signaling","KEGG: hsa04350; PMID:26893264; PMID: 25620979","BMP10_ACVRL1_ACVR2A"
"GDF2","ACVRL1_BMPR2","BMP10","Secreted Signaling","KEGG: hsa04350; PMID:26893264","GDF2_ACVRL1_BMPR2"
"GDF2","ACVRL1_ACVR2A","BMP10","Secreted Signaling","KEGG: hsa04350; PMID:26893264","GDF2_ACVRL1_ACVR2A"
"GDF9","ACVR1B_BMPR2","GDF","Secreted Signaling","KEGG: hsa04350","GDF9_ACVR1B_BMPR2"
"GDF10","ACVR1B_ACVR2A","GDF","Secreted Signaling","KEGG: hsa04350","GDF10_ACVR1B_ACVR2A"
"GDF11","TGFBR1_ACVR2A","GDF","Secreted Signaling","KEGG: hsa04350","GDF11_TGFBR1_ACVR2A"
"GDF11","TGFBR1_ACVR2B","GDF","Secreted Signaling","KEGG: hsa04350","GDF11_TGFBR1_ACVR2B"
"GDF11","ACVR1B_ACVR2B","GDF","Secreted Signaling","KEGG: hsa04350","GDF11_ACVR1B_ACVR2B"
"GDF15","TGFBR2","GDF","Secreted Signaling","KEGG: hsa04350","GDF15_TGFBR2"
"MSTN","TGFBR1_ACVR2B","MSTN","Secreted Signaling","KEGG: hsa04060","MSTN_TGFBR1_ACVR2B"
"MSTN","ACVR1B_ACVR2B","MSTN","Secreted Signaling","KEGG: hsa04060","MSTN_ACVR1B_ACVR2B"
"MSTN","ACVR1B_ACVR2A","MSTN","Secreted Signaling","KEGG: hsa04060","MSTN_ACVR1B_ACVR2A"
"MSTN","TGFBR1_ACVR2A","MSTN","Secreted Signaling","KEGG: hsa04060","MSTN_TGFBR1_ACVR2A"
"AMH","AMHR2_ACVR1","AMH","Secreted Signaling","KEGG: hsa04060","AMH_AMHR2_ACVR1"
"AMH","AMHR2_BMPR1A","AMH","Secreted Signaling","KEGG: hsa04060","AMH_AMHR2_BMPR1A"
"GDNF","GFRA1_RET","GDNF","Secreted Signaling","PMID: 11544105","GDNF_GFRA1_RET"
"NRTN","GFRA2_RET","GDNF","Secreted Signaling","PMID: 11544106","NRTN_GFRA2_RET"
"ARTN","GFRA3_RET","GDNF","Secreted Signaling","PMID: 11544107","ARTN_GFRA3_RET"
"PSPN","GFRA4_RET","GDNF","Secreted Signaling","PMID: 11544108","PSPN_GFRA4_RET"
"ARTN","GFRA1_RET","GDNF","Secreted Signaling","PMID: 11544109","ARTN_GFRA1_RET"
"NODAL","ACVR1B_ACVR2A_CFC1","NODAL","Secreted Signaling","KEGG: hsa04350; PMID: 17287255","NODAL_ACVR1B_ACVR2A_CFC1"
"NODAL","ACVR1C_ACVR2A_CFC1","NODAL","Secreted Signaling","KEGG: hsa04350; PMID: 17287255","NODAL_ACVR1C_ACVR2A_CFC1"
"NODAL","ACVR1B_ACVR2B_CFC1","NODAL","Secreted Signaling","KEGG: hsa04350; PMID: 17287255","NODAL_ACVR1B_ACVR2B_CFC1"
"NODAL","ACVR1C_ACVR2B_CFC1","NODAL","Secreted Signaling","KEGG: hsa04350; PMID: 17287255","NODAL_ACVR1C_ACVR2B_CFC1"
"GDF1","ACVR1B_ACVR2A_CFC1","NODAL","Secreted Signaling","KEGG: hsa04350; PMID: 17287255","GDF1_ACVR1B_ACVR2A_CFC1"
"GDF1","ACVR1B_ACVR2B_CFC1","NODAL","Secreted Signaling","KEGG: hsa04350; PMID: 17287255","GDF1_ACVR1B_ACVR2B_CFC1"
"GDF1","ACVR1C_ACVR2A_CFC1","NODAL","Secreted Signaling","KEGG: hsa04350; PMID: 17287255","GDF1_ACVR1C_ACVR2A_CFC1"
"GDF1","ACVR1C_ACVR2B_CFC1","NODAL","Secreted Signaling","KEGG: hsa04350; PMID: 17287255","GDF1_ACVR1C_ACVR2B_CFC1"
"GDF3","ACVR1B_ACVR2A_CFC1","NODAL","Secreted Signaling","KEGG: hsa04350; PMID: 17287255","GDF3_ACVR1B_ACVR2A_CFC1"
"GDF3","ACVR1B_ACVR2B_CFC1","NODAL","Secreted Signaling","KEGG: hsa04350; PMID: 17287255","GDF3_ACVR1B_ACVR2B_CFC1"
"GDF3","ACVR1C_ACVR2A_CFC1","NODAL","Secreted Signaling","KEGG: hsa04350; PMID: 17287255","GDF3_ACVR1C_ACVR2A_CFC1"
"GDF3","ACVR1C_ACVR2B_CFC1","NODAL","Secreted Signaling","KEGG: hsa04350; PMID: 17287255","GDF3_ACVR1C_ACVR2B_CFC1"
"INHBA","ACVR1B_ACVR2A","ACTIVIN","Secreted Signaling","KEGG: hsa04350","INHBA_ACVR1B_ACVR2A"
"INHBA","ACVR1B_ACVR2B","ACTIVIN","Secreted Signaling","KEGG: hsa04351","INHBA_ACVR1B_ACVR2B"
"INHBB","ACVR1B_ACVR2A","ACTIVIN","Secreted Signaling","KEGG: hsa04352","INHBB_ACVR1B_ACVR2A"
"INHBB","ACVR1B_ACVR2B","ACTIVIN","Secreted Signaling","KEGG: hsa04353","INHBB_ACVR1B_ACVR2B"
"INHBB","ACVR1C_ACVR2A","ACTIVIN","Secreted Signaling","KEGG: hsa04354","INHBB_ACVR1C_ACVR2A"
"INHBB","ACVR1C_ACVR2B","ACTIVIN","Secreted Signaling","KEGG: hsa04355","INHBB_ACVR1C_ACVR2B"
"INHBC","ACVR1B_ACVR2A","ACTIVIN","Secreted Signaling","KEGG: hsa04356","INHBC_ACVR1B_ACVR2A"
"INHBC","ACVR1B_ACVR2B","ACTIVIN","Secreted Signaling","KEGG: hsa04357","INHBC_ACVR1B_ACVR2B"
"INHBC","ACVR1C_ACVR2A","ACTIVIN","Secreted Signaling","KEGG: hsa04358","INHBC_ACVR1C_ACVR2A"
"INHBC","ACVR1C_ACVR2B","ACTIVIN","Secreted Signaling","KEGG: hsa04359","INHBC_ACVR1C_ACVR2B"
"INHBE","ACVR1B_ACVR2A","ACTIVIN","Secreted Signaling","KEGG: hsa04360","INHBE_ACVR1B_ACVR2A"
"INHBE","ACVR1B_ACVR2B","ACTIVIN","Secreted Signaling","KEGG: hsa04361","INHBE_ACVR1B_ACVR2B"
"INHBE","ACVR1C_ACVR2A","ACTIVIN","Secreted Signaling","KEGG: hsa04362","INHBE_ACVR1C_ACVR2A"
"INHBE","ACVR1C_ACVR2B","ACTIVIN","Secreted Signaling","KEGG: hsa04363","INHBE_ACVR1C_ACVR2B"
"Activin AB","ACVR1B_ACVR2A","ACTIVIN","Secreted Signaling","PMID: 2457849; PMID: 22991378","Activin AB_ACVR1B_ACVR2A"
"Activin AB","ACVR1B_ACVR2B","ACTIVIN","Secreted Signaling","PMID: 2457849; PMID: 22991378","Activin AB_ACVR1B_ACVR2B"
"Activin AB","ACVR1C_ACVR2A","ACTIVIN","Secreted Signaling","PMID: 2457849; PMID: 22991378","Activin AB_ACVR1C_ACVR2A"
"Activin AB","ACVR1C_ACVR2B","ACTIVIN","Secreted Signaling","PMID: 2457849; PMID: 22991378","Activin AB_ACVR1C_ACVR2B"
"Inhibin A","ACVR2A","ACTIVIN","Secreted Signaling","PMID: 15027884","Inhibin A_ACVR2A"
"Inhibin B","ACVR2B","ACTIVIN","Secreted Signaling","PMID: 15027884","Inhibin B_ACVR2B"
"WNT1","FZD1_LRP5","WNT","Secreted Signaling","KEGG: hsa04310; PMID: 23209147","WNT1_FZD1_LRP5"
"WNT1","FZD10_LRP5","WNT","Secreted Signaling","KEGG: hsa04310; PMID: 23209147","WNT1_FZD10_LRP5"
"WNT1","FZD2_LRP5","WNT","Secreted Signaling","KEGG: hsa04310; PMID: 23209147","WNT1_FZD2_LRP5"
"WNT1","FZD3_LRP5","WNT","Secreted Signaling","KEGG: hsa04310; PMID: 23209147","WNT1_FZD3_LRP5"
"WNT1","FZD4_LRP5","WNT","Secreted Signaling","KEGG: hsa04310; PMID: 23209147","WNT1_FZD4_LRP5"
"WNT1","FZD5_LRP5","WNT","Secreted Signaling","KEGG: hsa04310; PMID: 23209147","WNT1_FZD5_LRP5"
"WNT1","FZD6_LRP5","WNT","Secreted Signaling","KEGG: hsa04310; PMID: 23209147","WNT1_FZD6_LRP5"
"WNT1","FZD7_LRP5","WNT","Secreted Signaling","KEGG: hsa04310; PMID: 23209147","WNT1_FZD7_LRP5"
"WNT1","FZD8_LRP5","WNT","Secreted Signaling","KEGG: hsa04310; PMID: 23209147","WNT1_FZD8_LRP5"
"WNT1","FZD9_LRP5","WNT","Secreted Signaling","KEGG: hsa04310; PMID: 23209147","WNT1_FZD9_LRP5"
"WNT10A","FZD1_LRP5","WNT","Secreted Signaling","KEGG: hsa04310; PMID: 23209147","WNT10A_FZD1_LRP5"
"WNT10A","FZD10_LRP5","WNT","Secreted Signaling","KEGG: hsa04310; PMID: 23209147","WNT10A_FZD10_LRP5"
"WNT10A","FZD2_LRP5","WNT","Secreted Signaling","KEGG: hsa04310; PMID: 23209147","WNT10A_FZD2_LRP5"
"WNT10A","FZD3_LRP5","WNT","Secreted Signaling","KEGG: hsa04310; PMID: 23209147","WNT10A_FZD3_LRP5"
"WNT10A","FZD4_LRP5","WNT","Secreted Signaling","KEGG: hsa04310; PMID: 23209147","WNT10A_FZD4_LRP5"
"WNT10A","FZD5_LRP5","WNT","Secreted Signaling","KEGG: hsa04310; PMID: 23209147","WNT10A_FZD5_LRP5"
"WNT10A","FZD6_LRP5","WNT","Secreted Signaling","KEGG: hsa04310; PMID: 23209147","WNT10A_FZD6_LRP5"
"WNT10A","FZD7_LRP5","WNT","Secreted Signaling","KEGG: hsa04310; PMID: 23209147","WNT10A_FZD7_LRP5"
"WNT10A","FZD8_LRP5","WNT","Secreted Signaling","KEGG: hsa04310; PMID: 23209147","WNT10A_FZD8_LRP5"
"WNT10A","FZD9_LRP5","WNT","Secreted Signaling","KEGG: hsa04310; PMID: 23209147","WNT10A_FZD9_LRP5"
"WNT10B","FZD1_LRP5","WNT","Secreted Signaling","KEGG: hsa04310; PMID: 23209147","WNT10B_FZD1_LRP5"
"WNT10B","FZD10_LRP5","WNT","Secreted Signaling","KEGG: hsa04310; PMID: 23209147","WNT10B_FZD10_LRP5"
"WNT10B","FZD2_LRP5","WNT","Secreted Signaling","KEGG: hsa04310; PMID: 23209147","WNT10B_FZD2_LRP5"
"WNT10B","FZD3_LRP5","WNT","Secreted Signaling","KEGG: hsa04310; PMID: 23209147","WNT10B_FZD3_LRP5"
"WNT10B","FZD4_LRP5","WNT","Secreted Signaling","KEGG: hsa04310; PMID: 23209147","WNT10B_FZD4_LRP5"
"WNT10B","FZD5_LRP5","WNT","Secreted Signaling","KEGG: hsa04310; PMID: 23209147","WNT10B_FZD5_LRP5"
"WNT10B","FZD6_LRP5","WNT","Secreted Signaling","KEGG: hsa04310; PMID: 23209147","WNT10B_FZD6_LRP5"
"WNT10B","FZD7_LRP5","WNT","Secreted Signaling","KEGG: hsa04310; PMID: 23209147","WNT10B_FZD7_LRP5"
"WNT10B","FZD8_LRP5","WNT","Secreted Signaling","KEGG: hsa04310; PMID: 23209147","WNT10B_FZD8_LRP5"
"WNT10B","FZD9_LRP5","WNT","Secreted Signaling","KEGG: hsa04310; PMID: 23209147","WNT10B_FZD9_LRP5"
"WNT16","FZD1_LRP5","WNT","Secreted Signaling","KEGG: hsa04310; PMID: 23209147","WNT16_FZD1_LRP5"
"WNT16","FZD10_LRP5","WNT","Secreted Signaling","KEGG: hsa04310; PMID: 23209147","WNT16_FZD10_LRP5"
"WNT16","FZD2_LRP5","WNT","Secreted Signaling","KEGG: hsa04310; PMID: 23209147","WNT16_FZD2_LRP5"
"WNT16","FZD3_LRP5","WNT","Secreted Signaling","KEGG: hsa04310; PMID: 23209147","WNT16_FZD3_LRP5"
"WNT16","FZD4_LRP5","WNT","Secreted Signaling","KEGG: hsa04310; PMID: 23209147","WNT16_FZD4_LRP5"
"WNT16","FZD5_LRP5","WNT","Secreted Signaling","KEGG: hsa04310; PMID: 23209147","WNT16_FZD5_LRP5"
"WNT16","FZD6_LRP5","WNT","Secreted Signaling","KEGG: hsa04310; PMID: 23209147","WNT16_FZD6_LRP5"
"WNT16","FZD7_LRP5","WNT","Secreted Signaling","KEGG: hsa04310; PMID: 23209147","WNT16_FZD7_LRP5"
"WNT16","FZD8_LRP5","WNT","Secreted Signaling","KEGG: hsa04310; PMID: 23209147","WNT16_FZD8_LRP5"
"WNT16","FZD9_LRP5","WNT","Secreted Signaling","KEGG: hsa04310; PMID: 23209147","WNT16_FZD9_LRP5"
"WNT2","FZD1_LRP5","WNT","Secreted Signaling","KEGG: hsa04310; PMID: 23209147","WNT2_FZD1_LRP5"
"WNT2","FZD10_LRP5","WNT","Secreted Signaling","KEGG: hsa04310; PMID: 23209147","WNT2_FZD10_LRP5"
"WNT2","FZD2_LRP5","WNT","Secreted Signaling","KEGG: hsa04310; PMID: 23209147","WNT2_FZD2_LRP5"
"WNT2","FZD3_LRP5","WNT","Secreted Signaling","KEGG: hsa04310; PMID: 23209147","WNT2_FZD3_LRP5"
"WNT2","FZD4_LRP5","WNT","Secreted Signaling","KEGG: hsa04310; PMID: 23209147","WNT2_FZD4_LRP5"
"WNT2","FZD5_LRP5","WNT","Secreted Signaling","KEGG: hsa04310; PMID: 23209147","WNT2_FZD5_LRP5"
"WNT2","FZD6_LRP5","WNT","Secreted Signaling","KEGG: hsa04310; PMID: 23209147","WNT2_FZD6_LRP5"
"WNT2","FZD7_LRP5","WNT","Secreted Signaling","KEGG: hsa04310; PMID: 23209147","WNT2_FZD7_LRP5"
"WNT2","FZD8_LRP5","WNT","Secreted Signaling","KEGG: hsa04310; PMID: 23209147","WNT2_FZD8_LRP5"
"WNT2","FZD9_LRP5","WNT","Secreted Signaling","KEGG: hsa04310; PMID: 23209147","WNT2_FZD9_LRP5"
"WNT2B","FZD1_LRP5","WNT","Secreted Signaling","KEGG: hsa04310; PMID: 23209147","WNT2B_FZD1_LRP5"
"WNT2B","FZD10_LRP5","WNT","Secreted Signaling","KEGG: hsa04310; PMID: 23209147","WNT2B_FZD10_LRP5"
"WNT2B","FZD2_LRP5","WNT","Secreted Signaling","KEGG: hsa04310; PMID: 23209147","WNT2B_FZD2_LRP5"
"WNT2B","FZD3_LRP5","WNT","Secreted Signaling","KEGG: hsa04310; PMID: 23209147","WNT2B_FZD3_LRP5"
"WNT2B","FZD4_LRP5","WNT","Secreted Signaling","KEGG: hsa04310; PMID: 23209147","WNT2B_FZD4_LRP5"
"WNT2B","FZD5_LRP5","WNT","Secreted Signaling","KEGG: hsa04310; PMID: 23209147","WNT2B_FZD5_LRP5"
"WNT2B","FZD6_LRP5","WNT","Secreted Signaling","KEGG: hsa04310; PMID: 23209147","WNT2B_FZD6_LRP5"
"WNT2B","FZD7_LRP5","WNT","Secreted Signaling","KEGG: hsa04310; PMID: 23209147","WNT2B_FZD7_LRP5"
"WNT2B","FZD8_LRP5","WNT","Secreted Signaling","KEGG: hsa04310; PMID: 23209147","WNT2B_FZD8_LRP5"
"WNT2B","FZD9_LRP5","WNT","Secreted Signaling","KEGG: hsa04310; PMID: 23209147","WNT2B_FZD9_LRP5"
"WNT3","FZD1_LRP5","WNT","Secreted Signaling","KEGG: hsa04310; PMID: 23209147","WNT3_FZD1_LRP5"
"WNT3","FZD10_LRP5","WNT","Secreted Signaling","KEGG: hsa04310; PMID: 23209147","WNT3_FZD10_LRP5"
"WNT3","FZD2_LRP5","WNT","Secreted Signaling","KEGG: hsa04310; PMID: 23209147","WNT3_FZD2_LRP5"
"WNT3","FZD3_LRP5","WNT","Secreted Signaling","KEGG: hsa04310; PMID: 23209147","WNT3_FZD3_LRP5"
"WNT3","FZD4_LRP5","WNT","Secreted Signaling","KEGG: hsa04310; PMID: 23209147","WNT3_FZD4_LRP5"
"WNT3","FZD5_LRP5","WNT","Secreted Signaling","KEGG: hsa04310; PMID: 23209147","WNT3_FZD5_LRP5"
"WNT3","FZD6_LRP5","WNT","Secreted Signaling","KEGG: hsa04310; PMID: 23209147","WNT3_FZD6_LRP5"
"WNT3","FZD7_LRP5","WNT","Secreted Signaling","KEGG: hsa04310; PMID: 23209147","WNT3_FZD7_LRP5"
"WNT3","FZD8_LRP5","WNT","Secreted Signaling","KEGG: hsa04310; PMID: 23209147","WNT3_FZD8_LRP5"
"WNT3","FZD9_LRP5","WNT","Secreted Signaling","KEGG: hsa04310; PMID: 23209147","WNT3_FZD9_LRP5"
"WNT3A","FZD1_LRP5","WNT","Secreted Signaling","KEGG: hsa04310; PMID: 23209147","WNT3A_FZD1_LRP5"
"WNT3A","FZD10_LRP5","WNT","Secreted Signaling","KEGG: hsa04310; PMID: 23209147","WNT3A_FZD10_LRP5"
"WNT3A","FZD2_LRP5","WNT","Secreted Signaling","KEGG: hsa04310; PMID: 23209147","WNT3A_FZD2_LRP5"
"WNT3A","FZD3_LRP5","WNT","Secreted Signaling","KEGG: hsa04310; PMID: 23209147","WNT3A_FZD3_LRP5"
"WNT3A","FZD4_LRP5","WNT","Secreted Signaling","KEGG: hsa04310; PMID: 23209147","WNT3A_FZD4_LRP5"
"WNT3A","FZD5_LRP5","WNT","Secreted Signaling","KEGG: hsa04310; PMID: 23209147","WNT3A_FZD5_LRP5"
"WNT3A","FZD6_LRP5","WNT","Secreted Signaling","KEGG: hsa04310; PMID: 23209147","WNT3A_FZD6_LRP5"
"WNT3A","FZD7_LRP5","WNT","Secreted Signaling","KEGG: hsa04310; PMID: 23209147","WNT3A_FZD7_LRP5"
"WNT3A","FZD8_LRP5","WNT","Secreted Signaling","KEGG: hsa04310; PMID: 23209147","WNT3A_FZD8_LRP5"
"WNT3A","FZD9_LRP5","WNT","Secreted Signaling","KEGG: hsa04310; PMID: 23209147","WNT3A_FZD9_LRP5"
"WNT4","FZD1_LRP5","WNT","Secreted Signaling","KEGG: hsa04310; PMID: 23209147","WNT4_FZD1_LRP5"
"WNT4","FZD10_LRP5","WNT","Secreted Signaling","KEGG: hsa04310; PMID: 23209147","WNT4_FZD10_LRP5"
"WNT4","FZD2_LRP5","WNT","Secreted Signaling","KEGG: hsa04310; PMID: 23209147","WNT4_FZD2_LRP5"
"WNT4","FZD3_LRP5","WNT","Secreted Signaling","KEGG: hsa04310; PMID: 23209147","WNT4_FZD3_LRP5"
"WNT4","FZD4_LRP5","WNT","Secreted Signaling","KEGG: hsa04310; PMID: 23209147","WNT4_FZD4_LRP5"
"WNT4","FZD5_LRP5","WNT","Secreted Signaling","KEGG: hsa04310; PMID: 23209147","WNT4_FZD5_LRP5"
"WNT4","FZD6_LRP5","WNT","Secreted Signaling","KEGG: hsa04310; PMID: 23209147","WNT4_FZD6_LRP5"
"WNT4","FZD7_LRP5","WNT","Secreted Signaling","KEGG: hsa04310; PMID: 23209147","WNT4_FZD7_LRP5"
"WNT4","FZD8_LRP5","WNT","Secreted Signaling","KEGG: hsa04310; PMID: 23209147","WNT4_FZD8_LRP5"
"WNT4","FZD9_LRP5","WNT","Secreted Signaling","KEGG: hsa04310; PMID: 23209147","WNT4_FZD9_LRP5"
"WNT6","FZD1_LRP5","WNT","Secreted Signaling","KEGG: hsa04310; PMID: 23209147","WNT6_FZD1_LRP5"
"WNT6","FZD10_LRP5","WNT","Secreted Signaling","KEGG: hsa04310; PMID: 23209147","WNT6_FZD10_LRP5"
"WNT6","FZD2_LRP5","WNT","Secreted Signaling","KEGG: hsa04310; PMID: 23209147","WNT6_FZD2_LRP5"
"WNT6","FZD3_LRP5","WNT","Secreted Signaling","KEGG: hsa04310; PMID: 23209147","WNT6_FZD3_LRP5"
"WNT6","FZD4_LRP5","WNT","Secreted Signaling","KEGG: hsa04310; PMID: 23209147","WNT6_FZD4_LRP5"
"WNT6","FZD5_LRP5","WNT","Secreted Signaling","KEGG: hsa04310; PMID: 23209147","WNT6_FZD5_LRP5"
"WNT6","FZD6_LRP5","WNT","Secreted Signaling","KEGG: hsa04310; PMID: 23209147","WNT6_FZD6_LRP5"
"WNT6","FZD7_LRP5","WNT","Secreted Signaling","KEGG: hsa04310; PMID: 23209147","WNT6_FZD7_LRP5"
"WNT6","FZD8_LRP5","WNT","Secreted Signaling","KEGG: hsa04310; PMID: 23209147","WNT6_FZD8_LRP5"
"WNT6","FZD9_LRP5","WNT","Secreted Signaling","KEGG: hsa04310; PMID: 23209147","WNT6_FZD9_LRP5"
"WNT7A","FZD1_LRP5","WNT","Secreted Signaling","KEGG: hsa04310; PMID: 23209147","WNT7A_FZD1_LRP5"
"WNT7A","FZD10_LRP5","WNT","Secreted Signaling","KEGG: hsa04310; PMID: 23209147","WNT7A_FZD10_LRP5"
"WNT7A","FZD2_LRP5","WNT","Secreted Signaling","KEGG: hsa04310; PMID: 23209147","WNT7A_FZD2_LRP5"
"WNT7A","FZD3_LRP5","WNT","Secreted Signaling","KEGG: hsa04310; PMID: 23209147","WNT7A_FZD3_LRP5"
"WNT7A","FZD4_LRP5","WNT","Secreted Signaling","KEGG: hsa04310; PMID: 23209147","WNT7A_FZD4_LRP5"
"WNT7A","FZD5_LRP5","WNT","Secreted Signaling","KEGG: hsa04310; PMID: 23209147","WNT7A_FZD5_LRP5"
"WNT7A","FZD6_LRP5","WNT","Secreted Signaling","KEGG: hsa04310; PMID: 23209147","WNT7A_FZD6_LRP5"
"WNT7A","FZD7_LRP5","WNT","Secreted Signaling","KEGG: hsa04310; PMID: 23209147","WNT7A_FZD7_LRP5"
"WNT7A","FZD8_LRP5","WNT","Secreted Signaling","KEGG: hsa04310; PMID: 23209147","WNT7A_FZD8_LRP5"
"WNT7A","FZD9_LRP5","WNT","Secreted Signaling","KEGG: hsa04310; PMID: 23209147","WNT7A_FZD9_LRP5"
"WNT7B","FZD1_LRP5","WNT","Secreted Signaling","KEGG: hsa04310; PMID: 23209147","WNT7B_FZD1_LRP5"
"WNT7B","FZD10_LRP5","WNT","Secreted Signaling","KEGG: hsa04310; PMID: 23209147","WNT7B_FZD10_LRP5"
"WNT7B","FZD2_LRP5","WNT","Secreted Signaling","KEGG: hsa04310; PMID: 23209147","WNT7B_FZD2_LRP5"
"WNT7B","FZD3_LRP5","WNT","Secreted Signaling","KEGG: hsa04310; PMID: 23209147","WNT7B_FZD3_LRP5"
"WNT7B","FZD4_LRP5","WNT","Secreted Signaling","KEGG: hsa04310; PMID: 23209147","WNT7B_FZD4_LRP5"
"WNT7B","FZD5_LRP5","WNT","Secreted Signaling","KEGG: hsa04310; PMID: 23209147","WNT7B_FZD5_LRP5"
"WNT7B","FZD6_LRP5","WNT","Secreted Signaling","KEGG: hsa04310; PMID: 23209147","WNT7B_FZD6_LRP5"
"WNT7B","FZD7_LRP5","WNT","Secreted Signaling","KEGG: hsa04310; PMID: 23209147","WNT7B_FZD7_LRP5"
"WNT7B","FZD8_LRP5","WNT","Secreted Signaling","KEGG: hsa04310; PMID: 23209147","WNT7B_FZD8_LRP5"
"WNT7B","FZD9_LRP5","WNT","Secreted Signaling","KEGG: hsa04310; PMID: 23209147","WNT7B_FZD9_LRP5"
"WNT8A","FZD1_LRP5","WNT","Secreted Signaling","KEGG: hsa04310; PMID: 23209147","WNT8A_FZD1_LRP5"
"WNT8A","FZD10_LRP5","WNT","Secreted Signaling","KEGG: hsa04310; PMID: 23209147","WNT8A_FZD10_LRP5"
"WNT8A","FZD2_LRP5","WNT","Secreted Signaling","KEGG: hsa04310; PMID: 23209147","WNT8A_FZD2_LRP5"
"WNT8A","FZD3_LRP5","WNT","Secreted Signaling","KEGG: hsa04310; PMID: 23209147","WNT8A_FZD3_LRP5"
"WNT8A","FZD4_LRP5","WNT","Secreted Signaling","KEGG: hsa04310; PMID: 23209147","WNT8A_FZD4_LRP5"
"WNT8A","FZD5_LRP5","WNT","Secreted Signaling","KEGG: hsa04310; PMID: 23209147","WNT8A_FZD5_LRP5"
"WNT8A","FZD6_LRP5","WNT","Secreted Signaling","KEGG: hsa04310; PMID: 23209147","WNT8A_FZD6_LRP5"
"WNT8A","FZD7_LRP5","WNT","Secreted Signaling","KEGG: hsa04310; PMID: 23209147","WNT8A_FZD7_LRP5"
"WNT8A","FZD8_LRP5","WNT","Secreted Signaling","KEGG: hsa04310; PMID: 23209147","WNT8A_FZD8_LRP5"
"WNT8A","FZD9_LRP5","WNT","Secreted Signaling","KEGG: hsa04310; PMID: 23209147","WNT8A_FZD9_LRP5"
"WNT8B","FZD1_LRP5","WNT","Secreted Signaling","KEGG: hsa04310; PMID: 23209147","WNT8B_FZD1_LRP5"
"WNT8B","FZD10_LRP5","WNT","Secreted Signaling","KEGG: hsa04310; PMID: 23209147","WNT8B_FZD10_LRP5"
"WNT8B","FZD2_LRP5","WNT","Secreted Signaling","KEGG: hsa04310; PMID: 23209147","WNT8B_FZD2_LRP5"
"WNT8B","FZD3_LRP5","WNT","Secreted Signaling","KEGG: hsa04310; PMID: 23209147","WNT8B_FZD3_LRP5"
"WNT8B","FZD4_LRP5","WNT","Secreted Signaling","KEGG: hsa04310; PMID: 23209147","WNT8B_FZD4_LRP5"
"WNT8B","FZD5_LRP5","WNT","Secreted Signaling","KEGG: hsa04310; PMID: 23209147","WNT8B_FZD5_LRP5"
"WNT8B","FZD6_LRP5","WNT","Secreted Signaling","KEGG: hsa04310; PMID: 23209147","WNT8B_FZD6_LRP5"
"WNT8B","FZD7_LRP5","WNT","Secreted Signaling","KEGG: hsa04310; PMID: 23209147","WNT8B_FZD7_LRP5"
"WNT8B","FZD8_LRP5","WNT","Secreted Signaling","KEGG: hsa04310; PMID: 23209147","WNT8B_FZD8_LRP5"
"WNT8B","FZD9_LRP5","WNT","Secreted Signaling","KEGG: hsa04310; PMID: 23209147","WNT8B_FZD9_LRP5"
"WNT9A","FZD1_LRP5","WNT","Secreted Signaling","KEGG: hsa04310; PMID: 23209147","WNT9A_FZD1_LRP5"
"WNT9A","FZD10_LRP5","WNT","Secreted Signaling","KEGG: hsa04310; PMID: 23209147","WNT9A_FZD10_LRP5"
"WNT9A","FZD2_LRP5","WNT","Secreted Signaling","KEGG: hsa04310; PMID: 23209147","WNT9A_FZD2_LRP5"
"WNT9A","FZD3_LRP5","WNT","Secreted Signaling","KEGG: hsa04310; PMID: 23209147","WNT9A_FZD3_LRP5"
"WNT9A","FZD4_LRP5","WNT","Secreted Signaling","KEGG: hsa04310; PMID: 23209147","WNT9A_FZD4_LRP5"
"WNT9A","FZD5_LRP5","WNT","Secreted Signaling","KEGG: hsa04310; PMID: 23209147","WNT9A_FZD5_LRP5"
"WNT9A","FZD6_LRP5","WNT","Secreted Signaling","KEGG: hsa04310; PMID: 23209147","WNT9A_FZD6_LRP5"
"WNT9A","FZD7_LRP5","WNT","Secreted Signaling","KEGG: hsa04310; PMID: 23209147","WNT9A_FZD7_LRP5"
"WNT9A","FZD8_LRP5","WNT","Secreted Signaling","KEGG: hsa04310; PMID: 23209147","WNT9A_FZD8_LRP5"
"WNT9A","FZD9_LRP5","WNT","Secreted Signaling","KEGG: hsa04310; PMID: 23209147","WNT9A_FZD9_LRP5"
"WNT9B","FZD1_LRP5","WNT","Secreted Signaling","KEGG: hsa04310; PMID: 23209147","WNT9B_FZD1_LRP5"
"WNT9B","FZD10_LRP5","WNT","Secreted Signaling","KEGG: hsa04310; PMID: 23209147","WNT9B_FZD10_LRP5"
"WNT9B","FZD2_LRP5","WNT","Secreted Signaling","KEGG: hsa04310; PMID: 23209147","WNT9B_FZD2_LRP5"
"WNT9B","FZD3_LRP5","WNT","Secreted Signaling","KEGG: hsa04310; PMID: 23209147","WNT9B_FZD3_LRP5"
"WNT9B","FZD4_LRP5","WNT","Secreted Signaling","KEGG: hsa04310; PMID: 23209147","WNT9B_FZD4_LRP5"
"WNT9B","FZD5_LRP5","WNT","Secreted Signaling","KEGG: hsa04310; PMID: 23209147","WNT9B_FZD5_LRP5"
"WNT9B","FZD6_LRP5","WNT","Secreted Signaling","KEGG: hsa04310; PMID: 23209147","WNT9B_FZD6_LRP5"
"WNT9B","FZD7_LRP5","WNT","Secreted Signaling","KEGG: hsa04310; PMID: 23209147","WNT9B_FZD7_LRP5"
"WNT9B","FZD8_LRP5","WNT","Secreted Signaling","KEGG: hsa04310; PMID: 23209147","WNT9B_FZD8_LRP5"
"WNT9B","FZD9_LRP5","WNT","Secreted Signaling","KEGG: hsa04310; PMID: 23209147","WNT9B_FZD9_LRP5"
"WNT1","FZD1_LRP6","WNT","Secreted Signaling","KEGG: hsa04310; PMID: 23209147","WNT1_FZD1_LRP6"
"WNT1","FZD10_LRP6","WNT","Secreted Signaling","KEGG: hsa04310; PMID: 23209147","WNT1_FZD10_LRP6"
"WNT1","FZD2_LRP6","WNT","Secreted Signaling","KEGG: hsa04310; PMID: 23209147","WNT1_FZD2_LRP6"
"WNT1","FZD3_LRP6","WNT","Secreted Signaling","KEGG: hsa04310; PMID: 23209147","WNT1_FZD3_LRP6"
"WNT1","FZD4_LRP6","WNT","Secreted Signaling","KEGG: hsa04310; PMID: 23209147","WNT1_FZD4_LRP6"
"WNT1","FZD5_LRP6","WNT","Secreted Signaling","KEGG: hsa04310; PMID: 23209147","WNT1_FZD5_LRP6"
"WNT1","FZD6_LRP6","WNT","Secreted Signaling","KEGG: hsa04310; PMID: 23209147","WNT1_FZD6_LRP6"
"WNT1","FZD7_LRP6","WNT","Secreted Signaling","KEGG: hsa04310; PMID: 23209147","WNT1_FZD7_LRP6"
"WNT1","FZD8_LRP6","WNT","Secreted Signaling","KEGG: hsa04310; PMID: 23209147","WNT1_FZD8_LRP6"
"WNT1","FZD9_LRP6","WNT","Secreted Signaling","KEGG: hsa04310; PMID: 23209147","WNT1_FZD9_LRP6"
"WNT10A","FZD1_LRP6","WNT","Secreted Signaling","KEGG: hsa04310; PMID: 23209147","WNT10A_FZD1_LRP6"
"WNT10A","FZD10_LRP6","WNT","Secreted Signaling","KEGG: hsa04310; PMID: 23209147","WNT10A_FZD10_LRP6"
"WNT10A","FZD2_LRP6","WNT","Secreted Signaling","KEGG: hsa04310; PMID: 23209147","WNT10A_FZD2_LRP6"
"WNT10A","FZD3_LRP6","WNT","Secreted Signaling","KEGG: hsa04310; PMID: 23209147","WNT10A_FZD3_LRP6"
"WNT10A","FZD4_LRP6","WNT","Secreted Signaling","KEGG: hsa04310; PMID: 23209147","WNT10A_FZD4_LRP6"
"WNT10A","FZD5_LRP6","WNT","Secreted Signaling","KEGG: hsa04310; PMID: 23209147","WNT10A_FZD5_LRP6"
"WNT10A","FZD6_LRP6","WNT","Secreted Signaling","KEGG: hsa04310; PMID: 23209147","WNT10A_FZD6_LRP6"
"WNT10A","FZD7_LRP6","WNT","Secreted Signaling","KEGG: hsa04310; PMID: 23209147","WNT10A_FZD7_LRP6"
"WNT10A","FZD8_LRP6","WNT","Secreted Signaling","KEGG: hsa04310; PMID: 23209147","WNT10A_FZD8_LRP6"
"WNT10A","FZD9_LRP6","WNT","Secreted Signaling","KEGG: hsa04310; PMID: 23209147","WNT10A_FZD9_LRP6"
"WNT10B","FZD1_LRP6","WNT","Secreted Signaling","KEGG: hsa04310; PMID: 23209147","WNT10B_FZD1_LRP6"
"WNT10B","FZD10_LRP6","WNT","Secreted Signaling","KEGG: hsa04310; PMID: 23209147","WNT10B_FZD10_LRP6"
"WNT10B","FZD2_LRP6","WNT","Secreted Signaling","KEGG: hsa04310; PMID: 23209147","WNT10B_FZD2_LRP6"
"WNT10B","FZD3_LRP6","WNT","Secreted Signaling","KEGG: hsa04310; PMID: 23209147","WNT10B_FZD3_LRP6"
"WNT10B","FZD4_LRP6","WNT","Secreted Signaling","KEGG: hsa04310; PMID: 23209147","WNT10B_FZD4_LRP6"
"WNT10B","FZD5_LRP6","WNT","Secreted Signaling","KEGG: hsa04310; PMID: 23209147","WNT10B_FZD5_LRP6"
"WNT10B","FZD6_LRP6","WNT","Secreted Signaling","KEGG: hsa04310; PMID: 23209147","WNT10B_FZD6_LRP6"
"WNT10B","FZD7_LRP6","WNT","Secreted Signaling","KEGG: hsa04310; PMID: 23209147","WNT10B_FZD7_LRP6"
"WNT10B","FZD8_LRP6","WNT","Secreted Signaling","KEGG: hsa04310; PMID: 23209147","WNT10B_FZD8_LRP6"
"WNT10B","FZD9_LRP6","WNT","Secreted Signaling","KEGG: hsa04310; PMID: 23209147","WNT10B_FZD9_LRP6"
"WNT16","FZD1_LRP6","WNT","Secreted Signaling","KEGG: hsa04310; PMID: 23209147","WNT16_FZD1_LRP6"
"WNT16","FZD10_LRP6","WNT","Secreted Signaling","KEGG: hsa04310; PMID: 23209147","WNT16_FZD10_LRP6"
"WNT16","FZD2_LRP6","WNT","Secreted Signaling","KEGG: hsa04310; PMID: 23209147","WNT16_FZD2_LRP6"
"WNT16","FZD3_LRP6","WNT","Secreted Signaling","KEGG: hsa04310; PMID: 23209147","WNT16_FZD3_LRP6"
"WNT16","FZD4_LRP6","WNT","Secreted Signaling","KEGG: hsa04310; PMID: 23209147","WNT16_FZD4_LRP6"
"WNT16","FZD5_LRP6","WNT","Secreted Signaling","KEGG: hsa04310; PMID: 23209147","WNT16_FZD5_LRP6"
"WNT16","FZD6_LRP6","WNT","Secreted Signaling","KEGG: hsa04310; PMID: 23209147","WNT16_FZD6_LRP6"
"WNT16","FZD7_LRP6","WNT","Secreted Signaling","KEGG: hsa04310; PMID: 23209147","WNT16_FZD7_LRP6"
"WNT16","FZD8_LRP6","WNT","Secreted Signaling","KEGG: hsa04310; PMID: 23209147","WNT16_FZD8_LRP6"
"WNT16","FZD9_LRP6","WNT","Secreted Signaling","KEGG: hsa04310; PMID: 23209147","WNT16_FZD9_LRP6"
"WNT2","FZD1_LRP6","WNT","Secreted Signaling","KEGG: hsa04310; PMID: 23209147","WNT2_FZD1_LRP6"
"WNT2","FZD10_LRP6","WNT","Secreted Signaling","KEGG: hsa04310; PMID: 23209147","WNT2_FZD10_LRP6"
"WNT2","FZD2_LRP6","WNT","Secreted Signaling","KEGG: hsa04310; PMID: 23209147","WNT2_FZD2_LRP6"
"WNT2","FZD3_LRP6","WNT","Secreted Signaling","KEGG: hsa04310; PMID: 23209147","WNT2_FZD3_LRP6"
"WNT2","FZD4_LRP6","WNT","Secreted Signaling","KEGG: hsa04310; PMID: 23209147","WNT2_FZD4_LRP6"
"WNT2","FZD5_LRP6","WNT","Secreted Signaling","KEGG: hsa04310; PMID: 23209147","WNT2_FZD5_LRP6"
"WNT2","FZD6_LRP6","WNT","Secreted Signaling","KEGG: hsa04310; PMID: 23209147","WNT2_FZD6_LRP6"
"WNT2","FZD7_LRP6","WNT","Secreted Signaling","KEGG: hsa04310; PMID: 23209147","WNT2_FZD7_LRP6"
"WNT2","FZD8_LRP6","WNT","Secreted Signaling","KEGG: hsa04310; PMID: 23209147","WNT2_FZD8_LRP6"
"WNT2","FZD9_LRP6","WNT","Secreted Signaling","KEGG: hsa04310; PMID: 23209147","WNT2_FZD9_LRP6"
"WNT2B","FZD1_LRP6","WNT","Secreted Signaling","KEGG: hsa04310; PMID: 23209147","WNT2B_FZD1_LRP6"
"WNT2B","FZD10_LRP6","WNT","Secreted Signaling","KEGG: hsa04310; PMID: 23209147","WNT2B_FZD10_LRP6"
"WNT2B","FZD2_LRP6","WNT","Secreted Signaling","KEGG: hsa04310; PMID: 23209147","WNT2B_FZD2_LRP6"
"WNT2B","FZD3_LRP6","WNT","Secreted Signaling","KEGG: hsa04310; PMID: 23209147","WNT2B_FZD3_LRP6"
"WNT2B","FZD4_LRP6","WNT","Secreted Signaling","KEGG: hsa04310; PMID: 23209147","WNT2B_FZD4_LRP6"
"WNT2B","FZD5_LRP6","WNT","Secreted Signaling","KEGG: hsa04310; PMID: 23209147","WNT2B_FZD5_LRP6"
"WNT2B","FZD6_LRP6","WNT","Secreted Signaling","KEGG: hsa04310; PMID: 23209147","WNT2B_FZD6_LRP6"
"WNT2B","FZD7_LRP6","WNT","Secreted Signaling","KEGG: hsa04310; PMID: 23209147","WNT2B_FZD7_LRP6"
"WNT2B","FZD8_LRP6","WNT","Secreted Signaling","KEGG: hsa04310; PMID: 23209147","WNT2B_FZD8_LRP6"
"WNT2B","FZD9_LRP6","WNT","Secreted Signaling","KEGG: hsa04310; PMID: 23209147","WNT2B_FZD9_LRP6"
"WNT3","FZD1_LRP6","WNT","Secreted Signaling","KEGG: hsa04310; PMID: 23209147","WNT3_FZD1_LRP6"
"WNT3","FZD10_LRP6","WNT","Secreted Signaling","KEGG: hsa04310; PMID: 23209147","WNT3_FZD10_LRP6"
"WNT3","FZD2_LRP6","WNT","Secreted Signaling","KEGG: hsa04310; PMID: 23209147","WNT3_FZD2_LRP6"
"WNT3","FZD3_LRP6","WNT","Secreted Signaling","KEGG: hsa04310; PMID: 23209147","WNT3_FZD3_LRP6"
"WNT3","FZD4_LRP6","WNT","Secreted Signaling","KEGG: hsa04310; PMID: 23209147","WNT3_FZD4_LRP6"
"WNT3","FZD5_LRP6","WNT","Secreted Signaling","KEGG: hsa04310; PMID: 23209147","WNT3_FZD5_LRP6"
"WNT3","FZD6_LRP6","WNT","Secreted Signaling","KEGG: hsa04310; PMID: 23209147","WNT3_FZD6_LRP6"
"WNT3","FZD7_LRP6","WNT","Secreted Signaling","KEGG: hsa04310; PMID: 23209147","WNT3_FZD7_LRP6"
"WNT3","FZD8_LRP6","WNT","Secreted Signaling","KEGG: hsa04310; PMID: 23209147","WNT3_FZD8_LRP6"
"WNT3","FZD9_LRP6","WNT","Secreted Signaling","KEGG: hsa04310; PMID: 23209147","WNT3_FZD9_LRP6"
"WNT3A","FZD1_LRP6","WNT","Secreted Signaling","KEGG: hsa04310; PMID: 23209147","WNT3A_FZD1_LRP6"
"WNT3A","FZD10_LRP6","WNT","Secreted Signaling","KEGG: hsa04310; PMID: 23209147","WNT3A_FZD10_LRP6"
"WNT3A","FZD2_LRP6","WNT","Secreted Signaling","KEGG: hsa04310; PMID: 23209147","WNT3A_FZD2_LRP6"
"WNT3A","FZD3_LRP6","WNT","Secreted Signaling","KEGG: hsa04310; PMID: 23209147","WNT3A_FZD3_LRP6"
"WNT3A","FZD4_LRP6","WNT","Secreted Signaling","KEGG: hsa04310; PMID: 23209147","WNT3A_FZD4_LRP6"
"WNT3A","FZD5_LRP6","WNT","Secreted Signaling","KEGG: hsa04310; PMID: 23209147","WNT3A_FZD5_LRP6"
"WNT3A","FZD6_LRP6","WNT","Secreted Signaling","KEGG: hsa04310; PMID: 23209147","WNT3A_FZD6_LRP6"
"WNT3A","FZD7_LRP6","WNT","Secreted Signaling","KEGG: hsa04310; PMID: 23209147","WNT3A_FZD7_LRP6"
"WNT3A","FZD8_LRP6","WNT","Secreted Signaling","KEGG: hsa04310; PMID: 23209147","WNT3A_FZD8_LRP6"
"WNT3A","FZD9_LRP6","WNT","Secreted Signaling","KEGG: hsa04310; PMID: 23209147","WNT3A_FZD9_LRP6"
"WNT4","FZD1_LRP6","WNT","Secreted Signaling","KEGG: hsa04310; PMID: 23209147","WNT4_FZD1_LRP6"
"WNT4","FZD10_LRP6","WNT","Secreted Signaling","KEGG: hsa04310; PMID: 23209147","WNT4_FZD10_LRP6"
"WNT4","FZD2_LRP6","WNT","Secreted Signaling","KEGG: hsa04310; PMID: 23209147","WNT4_FZD2_LRP6"
"WNT4","FZD3_LRP6","WNT","Secreted Signaling","KEGG: hsa04310; PMID: 23209147","WNT4_FZD3_LRP6"
"WNT4","FZD4_LRP6","WNT","Secreted Signaling","KEGG: hsa04310; PMID: 23209147","WNT4_FZD4_LRP6"
"WNT4","FZD5_LRP6","WNT","Secreted Signaling","KEGG: hsa04310; PMID: 23209147","WNT4_FZD5_LRP6"
"WNT4","FZD6_LRP6","WNT","Secreted Signaling","KEGG: hsa04310; PMID: 23209147","WNT4_FZD6_LRP6"
"WNT4","FZD7_LRP6","WNT","Secreted Signaling","KEGG: hsa04310; PMID: 23209147","WNT4_FZD7_LRP6"
"WNT4","FZD8_LRP6","WNT","Secreted Signaling","KEGG: hsa04310; PMID: 23209147","WNT4_FZD8_LRP6"
"WNT4","FZD9_LRP6","WNT","Secreted Signaling","KEGG: hsa04310; PMID: 23209147","WNT4_FZD9_LRP6"
"WNT6","FZD1_LRP6","WNT","Secreted Signaling","KEGG: hsa04310; PMID: 23209147","WNT6_FZD1_LRP6"
"WNT6","FZD10_LRP6","WNT","Secreted Signaling","KEGG: hsa04310; PMID: 23209147","WNT6_FZD10_LRP6"
"WNT6","FZD2_LRP6","WNT","Secreted Signaling","KEGG: hsa04310; PMID: 23209147","WNT6_FZD2_LRP6"
"WNT6","FZD3_LRP6","WNT","Secreted Signaling","KEGG: hsa04310; PMID: 23209147","WNT6_FZD3_LRP6"
"WNT6","FZD4_LRP6","WNT","Secreted Signaling","KEGG: hsa04310; PMID: 23209147","WNT6_FZD4_LRP6"
"WNT6","FZD5_LRP6","WNT","Secreted Signaling","KEGG: hsa04310; PMID: 23209147","WNT6_FZD5_LRP6"
"WNT6","FZD6_LRP6","WNT","Secreted Signaling","KEGG: hsa04310; PMID: 23209147","WNT6_FZD6_LRP6"
"WNT6","FZD7_LRP6","WNT","Secreted Signaling","KEGG: hsa04310; PMID: 23209147","WNT6_FZD7_LRP6"
"WNT6","FZD8_LRP6","WNT","Secreted Signaling","KEGG: hsa04310; PMID: 23209147","WNT6_FZD8_LRP6"
"WNT6","FZD9_LRP6","WNT","Secreted Signaling","KEGG: hsa04310; PMID: 23209147","WNT6_FZD9_LRP6"
"WNT7A","FZD1_LRP6","WNT","Secreted Signaling","KEGG: hsa04310; PMID: 23209147","WNT7A_FZD1_LRP6"
"WNT7A","FZD10_LRP6","WNT","Secreted Signaling","KEGG: hsa04310; PMID: 23209147","WNT7A_FZD10_LRP6"
"WNT7A","FZD2_LRP6","WNT","Secreted Signaling","KEGG: hsa04310; PMID: 23209147","WNT7A_FZD2_LRP6"
"WNT7A","FZD3_LRP6","WNT","Secreted Signaling","KEGG: hsa04310; PMID: 23209147","WNT7A_FZD3_LRP6"
"WNT7A","FZD4_LRP6","WNT","Secreted Signaling","KEGG: hsa04310; PMID: 23209147","WNT7A_FZD4_LRP6"
"WNT7A","FZD5_LRP6","WNT","Secreted Signaling","KEGG: hsa04310; PMID: 23209147","WNT7A_FZD5_LRP6"
"WNT7A","FZD6_LRP6","WNT","Secreted Signaling","KEGG: hsa04310; PMID: 23209147","WNT7A_FZD6_LRP6"
"WNT7A","FZD7_LRP6","WNT","Secreted Signaling","KEGG: hsa04310; PMID: 23209147","WNT7A_FZD7_LRP6"
"WNT7A","FZD8_LRP6","WNT","Secreted Signaling","KEGG: hsa04310; PMID: 23209147","WNT7A_FZD8_LRP6"
"WNT7A","FZD9_LRP6","WNT","Secreted Signaling","KEGG: hsa04310; PMID: 23209147","WNT7A_FZD9_LRP6"
"WNT7B","FZD1_LRP6","WNT","Secreted Signaling","KEGG: hsa04310; PMID: 23209147","WNT7B_FZD1_LRP6"
"WNT7B","FZD10_LRP6","WNT","Secreted Signaling","KEGG: hsa04310; PMID: 23209147","WNT7B_FZD10_LRP6"
"WNT7B","FZD2_LRP6","WNT","Secreted Signaling","KEGG: hsa04310; PMID: 23209147","WNT7B_FZD2_LRP6"
"WNT7B","FZD3_LRP6","WNT","Secreted Signaling","KEGG: hsa04310; PMID: 23209147","WNT7B_FZD3_LRP6"
"WNT7B","FZD4_LRP6","WNT","Secreted Signaling","KEGG: hsa04310; PMID: 23209147","WNT7B_FZD4_LRP6"
"WNT7B","FZD5_LRP6","WNT","Secreted Signaling","KEGG: hsa04310; PMID: 23209147","WNT7B_FZD5_LRP6"
"WNT7B","FZD6_LRP6","WNT","Secreted Signaling","KEGG: hsa04310; PMID: 23209147","WNT7B_FZD6_LRP6"
"WNT7B","FZD7_LRP6","WNT","Secreted Signaling","KEGG: hsa04310; PMID: 23209147","WNT7B_FZD7_LRP6"
"WNT7B","FZD8_LRP6","WNT","Secreted Signaling","KEGG: hsa04310; PMID: 23209147","WNT7B_FZD8_LRP6"
"WNT7B","FZD9_LRP6","WNT","Secreted Signaling","KEGG: hsa04310; PMID: 23209147","WNT7B_FZD9_LRP6"
"WNT8A","FZD1_LRP6","WNT","Secreted Signaling","KEGG: hsa04310; PMID: 23209147","WNT8A_FZD1_LRP6"
"WNT8A","FZD10_LRP6","WNT","Secreted Signaling","KEGG: hsa04310; PMID: 23209147","WNT8A_FZD10_LRP6"
"WNT8A","FZD2_LRP6","WNT","Secreted Signaling","KEGG: hsa04310; PMID: 23209147","WNT8A_FZD2_LRP6"
"WNT8A","FZD3_LRP6","WNT","Secreted Signaling","KEGG: hsa04310; PMID: 23209147","WNT8A_FZD3_LRP6"
"WNT8A","FZD4_LRP6","WNT","Secreted Signaling","KEGG: hsa04310; PMID: 23209147","WNT8A_FZD4_LRP6"
"WNT8A","FZD5_LRP6","WNT","Secreted Signaling","KEGG: hsa04310; PMID: 23209147","WNT8A_FZD5_LRP6"
"WNT8A","FZD6_LRP6","WNT","Secreted Signaling","KEGG: hsa04310; PMID: 23209147","WNT8A_FZD6_LRP6"
"WNT8A","FZD7_LRP6","WNT","Secreted Signaling","KEGG: hsa04310; PMID: 23209147","WNT8A_FZD7_LRP6"
"WNT8A","FZD8_LRP6","WNT","Secreted Signaling","KEGG: hsa04310; PMID: 23209147","WNT8A_FZD8_LRP6"
"WNT8A","FZD9_LRP6","WNT","Secreted Signaling","KEGG: hsa04310; PMID: 23209147","WNT8A_FZD9_LRP6"
"WNT8B","FZD1_LRP6","WNT","Secreted Signaling","KEGG: hsa04310; PMID: 23209147","WNT8B_FZD1_LRP6"
"WNT8B","FZD10_LRP6","WNT","Secreted Signaling","KEGG: hsa04310; PMID: 23209147","WNT8B_FZD10_LRP6"
"WNT8B","FZD2_LRP6","WNT","Secreted Signaling","KEGG: hsa04310; PMID: 23209147","WNT8B_FZD2_LRP6"
"WNT8B","FZD3_LRP6","WNT","Secreted Signaling","KEGG: hsa04310; PMID: 23209147","WNT8B_FZD3_LRP6"
"WNT8B","FZD4_LRP6","WNT","Secreted Signaling","KEGG: hsa04310; PMID: 23209147","WNT8B_FZD4_LRP6"
"WNT8B","FZD5_LRP6","WNT","Secreted Signaling","KEGG: hsa04310; PMID: 23209147","WNT8B_FZD5_LRP6"
"WNT8B","FZD6_LRP6","WNT","Secreted Signaling","KEGG: hsa04310; PMID: 23209147","WNT8B_FZD6_LRP6"
"WNT8B","FZD7_LRP6","WNT","Secreted Signaling","KEGG: hsa04310; PMID: 23209147","WNT8B_FZD7_LRP6"
"WNT8B","FZD8_LRP6","WNT","Secreted Signaling","KEGG: hsa04310; PMID: 23209147","WNT8B_FZD8_LRP6"
"WNT8B","FZD9_LRP6","WNT","Secreted Signaling","KEGG: hsa04310; PMID: 23209147","WNT8B_FZD9_LRP6"
"WNT9A","FZD1_LRP6","WNT","Secreted Signaling","KEGG: hsa04310; PMID: 23209147","WNT9A_FZD1_LRP6"
"WNT9A","FZD10_LRP6","WNT","Secreted Signaling","KEGG: hsa04310; PMID: 23209147","WNT9A_FZD10_LRP6"
"WNT9A","FZD2_LRP6","WNT","Secreted Signaling","KEGG: hsa04310; PMID: 23209147","WNT9A_FZD2_LRP6"
"WNT9A","FZD3_LRP6","WNT","Secreted Signaling","KEGG: hsa04310; PMID: 23209147","WNT9A_FZD3_LRP6"
"WNT9A","FZD4_LRP6","WNT","Secreted Signaling","KEGG: hsa04310; PMID: 23209147","WNT9A_FZD4_LRP6"
"WNT9A","FZD5_LRP6","WNT","Secreted Signaling","KEGG: hsa04310; PMID: 23209147","WNT9A_FZD5_LRP6"
"WNT9A","FZD6_LRP6","WNT","Secreted Signaling","KEGG: hsa04310; PMID: 23209147","WNT9A_FZD6_LRP6"
"WNT9A","FZD7_LRP6","WNT","Secreted Signaling","KEGG: hsa04310; PMID: 23209147","WNT9A_FZD7_LRP6"
"WNT9A","FZD8_LRP6","WNT","Secreted Signaling","KEGG: hsa04310; PMID: 23209147","WNT9A_FZD8_LRP6"
"WNT9A","FZD9_LRP6","WNT","Secreted Signaling","KEGG: hsa04310; PMID: 23209147","WNT9A_FZD9_LRP6"
"WNT9B","FZD1_LRP6","WNT","Secreted Signaling","KEGG: hsa04310; PMID: 23209147","WNT9B_FZD1_LRP6"
"WNT9B","FZD10_LRP6","WNT","Secreted Signaling","KEGG: hsa04310; PMID: 23209147","WNT9B_FZD10_LRP6"
"WNT9B","FZD2_LRP6","WNT","Secreted Signaling","KEGG: hsa04310; PMID: 23209147","WNT9B_FZD2_LRP6"
"WNT9B","FZD3_LRP6","WNT","Secreted Signaling","KEGG: hsa04310; PMID: 23209147","WNT9B_FZD3_LRP6"
"WNT9B","FZD4_LRP6","WNT","Secreted Signaling","KEGG: hsa04310; PMID: 23209147","WNT9B_FZD4_LRP6"
"WNT9B","FZD5_LRP6","WNT","Secreted Signaling","KEGG: hsa04310; PMID: 23209147","WNT9B_FZD5_LRP6"
"WNT9B","FZD6_LRP6","WNT","Secreted Signaling","KEGG: hsa04310; PMID: 23209147","WNT9B_FZD6_LRP6"
"WNT9B","FZD7_LRP6","WNT","Secreted Signaling","KEGG: hsa04310; PMID: 23209147","WNT9B_FZD7_LRP6"
"WNT9B","FZD8_LRP6","WNT","Secreted Signaling","KEGG: hsa04310; PMID: 23209147","WNT9B_FZD8_LRP6"
"WNT9B","FZD9_LRP6","WNT","Secreted Signaling","KEGG: hsa04310; PMID: 23209147","WNT9B_FZD9_LRP6"
"WNT5A","FZD1","ncWNT","Secreted Signaling","KEGG: hsa04310","WNT5A_FZD1"
"WNT5A","FZD10","ncWNT","Secreted Signaling","KEGG: hsa04310","WNT5A_FZD10"
"WNT5A","FZD2","ncWNT","Secreted Signaling","KEGG: hsa04310","WNT5A_FZD2"
"WNT5A","FZD3","ncWNT","Secreted Signaling","KEGG: hsa04310","WNT5A_FZD3"
"WNT5A","FZD4","ncWNT","Secreted Signaling","KEGG: hsa04310","WNT5A_FZD4"
"WNT5A","FZD5","ncWNT","Secreted Signaling","KEGG: hsa04310","WNT5A_FZD5"
"WNT5A","FZD6","ncWNT","Secreted Signaling","KEGG: hsa04310","WNT5A_FZD6"
"WNT5A","FZD7","ncWNT","Secreted Signaling","KEGG: hsa04310","WNT5A_FZD7"
"WNT5A","FZD8","ncWNT","Secreted Signaling","KEGG: hsa04310","WNT5A_FZD8"
"WNT5A","FZD9","ncWNT","Secreted Signaling","KEGG: hsa04310","WNT5A_FZD9"
"WNT5A","MCAM","ncWNT","Secreted Signaling","PMID: 24335906","WNT5A_MCAM"
"WNT5B","FZD1","ncWNT","Secreted Signaling","KEGG: hsa04310","WNT5B_FZD1"
"WNT5B","FZD10","ncWNT","Secreted Signaling","KEGG: hsa04310","WNT5B_FZD10"
"WNT5B","FZD2","ncWNT","Secreted Signaling","KEGG: hsa04310","WNT5B_FZD2"
"WNT5B","FZD3","ncWNT","Secreted Signaling","KEGG: hsa04310","WNT5B_FZD3"
"WNT5B","FZD4","ncWNT","Secreted Signaling","KEGG: hsa04310","WNT5B_FZD4"
"WNT5B","FZD5","ncWNT","Secreted Signaling","KEGG: hsa04310","WNT5B_FZD5"
"WNT5B","FZD6","ncWNT","Secreted Signaling","KEGG: hsa04310","WNT5B_FZD6"
"WNT5B","FZD7","ncWNT","Secreted Signaling","KEGG: hsa04310","WNT5B_FZD7"
"WNT5B","FZD8","ncWNT","Secreted Signaling","KEGG: hsa04310","WNT5B_FZD8"
"WNT5B","FZD9","ncWNT","Secreted Signaling","KEGG: hsa04310","WNT5B_FZD9"
"WNT11","FZD1","ncWNT","Secreted Signaling","KEGG: hsa04310","WNT11_FZD1"
"WNT11","FZD10","ncWNT","Secreted Signaling","KEGG: hsa04310","WNT11_FZD10"
"WNT11","FZD2","ncWNT","Secreted Signaling","KEGG: hsa04310","WNT11_FZD2"
"WNT11","FZD3","ncWNT","Secreted Signaling","KEGG: hsa04310","WNT11_FZD3"
"WNT11","FZD4","ncWNT","Secreted Signaling","KEGG: hsa04310","WNT11_FZD4"
"WNT11","FZD5","ncWNT","Secreted Signaling","KEGG: hsa04310","WNT11_FZD5"
"WNT11","FZD6","ncWNT","Secreted Signaling","KEGG: hsa04310","WNT11_FZD6"
"WNT11","FZD7","ncWNT","Secreted Signaling","KEGG: hsa04310","WNT11_FZD7"
"WNT11","FZD8","ncWNT","Secreted Signaling","KEGG: hsa04310","WNT11_FZD8"
"WNT11","FZD9","ncWNT","Secreted Signaling","KEGG: hsa04310","WNT11_FZD9"
"EGF","EGFR","EGF","Secreted Signaling","KEGG: hsa04012","EGF_EGFR"
"EGF","EGFR_ERBB2","EGF","Secreted Signaling","KEGG: hsa04012","EGF_EGFR_ERBB2"
"TGFA","EGFR","EGF","Secreted Signaling","KEGG: hsa04012","TGFA_EGFR"
"TGFA","EGFR_ERBB2","EGF","Secreted Signaling","KEGG: hsa04012","TGFA_EGFR_ERBB2"
"AREG","EGFR","EGF","Secreted Signaling","KEGG: hsa04012","AREG_EGFR"
"AREG","EGFR_ERBB2","EGF","Secreted Signaling","KEGG: hsa04012","AREG_EGFR_ERBB2"
"BTC","EGFR","EGF","Secreted Signaling","KEGG: hsa04012","BTC_EGFR"
"BTC","EGFR_ERBB2","EGF","Secreted Signaling","KEGG: hsa04012","BTC_EGFR_ERBB2"
"BTC","ERBB4","EGF","Secreted Signaling","KEGG: hsa04012","BTC_ERBB4"
"BTC","ERBB2_ERBB4","EGF","Secreted Signaling","KEGG: hsa04012","BTC_ERBB2_ERBB4"
"HBEGF","EGFR","EGF","Secreted Signaling","KEGG: hsa04012","HBEGF_EGFR"
"HBEGF","EGFR_ERBB2","EGF","Secreted Signaling","KEGG: hsa04012","HBEGF_EGFR_ERBB2"
"HBEGF","ERBB4","EGF","Secreted Signaling","KEGG: hsa04012","HBEGF_ERBB4"
"HBEGF","ERBB2_ERBB4","EGF","Secreted Signaling","KEGG: hsa04012","HBEGF_ERBB2_ERBB4"
"EREG","EGFR","EGF","Secreted Signaling","KEGG: hsa04012","EREG_EGFR"
"EREG","EGFR_ERBB2","EGF","Secreted Signaling","KEGG: hsa04012","EREG_EGFR_ERBB2"
"EREG","ERBB4","EGF","Secreted Signaling","KEGG: hsa04012","EREG_ERBB4"
"EREG","ERBB2_ERBB4","EGF","Secreted Signaling","KEGG: hsa04012","EREG_ERBB2_ERBB4"
"NRG1","ERBB3","NRG","Secreted Signaling","KEGG: hsa04012","NRG1_ERBB3"
"NRG1","ERBB2_ERBB3","NRG","Secreted Signaling","KEGG: hsa04012","NRG1_ERBB2_ERBB3"
"NRG1","ERBB4","NRG","Secreted Signaling","KEGG: hsa04012","NRG1_ERBB4"
"NRG1","ERBB2_ERBB4","NRG","Secreted Signaling","KEGG: hsa04012","NRG1_ERBB2_ERBB4"
"NRG2","ERBB3","NRG","Secreted Signaling","KEGG: hsa04012","NRG2_ERBB3"
"NRG2","ERBB2_ERBB3","NRG","Secreted Signaling","KEGG: hsa04012","NRG2_ERBB2_ERBB3"
"NRG2","ERBB4","NRG","Secreted Signaling","KEGG: hsa04012","NRG2_ERBB4"
"NRG2","ERBB2_ERBB4","NRG","Secreted Signaling","KEGG: hsa04012","NRG2_ERBB2_ERBB4"
"NRG3","ERBB4","NRG","Secreted Signaling","KEGG: hsa04012","NRG3_ERBB4"
"NRG3","ERBB2_ERBB4","NRG","Secreted Signaling","KEGG: hsa04012","NRG3_ERBB2_ERBB4"
"NRG4","ERBB4","NRG","Secreted Signaling","KEGG: hsa04012","NRG4_ERBB4"
"NRG4","ERBB2_ERBB4","NRG","Secreted Signaling","KEGG: hsa04012","NRG4_ERBB2_ERBB4"
"NRG1","ITGAV_ITGB3","NRG","Secreted Signaling","PMID: 20682778","NRG1_ITGAV_ITGB3"
"FGF1","FGFR1","FGF","Secreted Signaling","PMC: 4393358","FGF1_FGFR1"
"FGF1","FGFR2","FGF","Secreted Signaling","PMC: 4393358","FGF1_FGFR2"
"FGF1","FGFR3","FGF","Secreted Signaling","PMC: 4393358","FGF1_FGFR3"
"FGF1","FGFR4","FGF","Secreted Signaling","PMC: 4393358","FGF1_FGFR4"
"FGF2","FGFR1","FGF","Secreted Signaling","PMC: 4393358","FGF2_FGFR1"
"FGF2","FGFR2","FGF","Secreted Signaling","PMC: 4393358","FGF2_FGFR2"
"FGF2","FGFR3","FGF","Secreted Signaling","PMC: 4393358","FGF2_FGFR3"
"FGF2","FGFR4","FGF","Secreted Signaling","PMC: 4393358","FGF2_FGFR4"
"FGF4","FGFR1","FGF","Secreted Signaling","PMC: 4393358","FGF4_FGFR1"
"FGF4","FGFR2","FGF","Secreted Signaling","PMC: 4393358","FGF4_FGFR2"
"FGF4","FGFR3","FGF","Secreted Signaling","PMC: 4393358","FGF4_FGFR3"
"FGF4","FGFR4","FGF","Secreted Signaling","PMC: 4393358","FGF4_FGFR4"
"FGF5","FGFR1","FGF","Secreted Signaling","PMC: 4393358","FGF5_FGFR1"
"FGF5","FGFR2","FGF","Secreted Signaling","PMC: 4393358","FGF5_FGFR2"
"FGF5","FGFR3","FGF","Secreted Signaling","PMC: 4393358","FGF5_FGFR3"
"FGF5","FGFR4","FGF","Secreted Signaling","PMC: 4393358","FGF5_FGFR4"
"FGF6","FGFR1","FGF","Secreted Signaling","PMC: 4393358","FGF6_FGFR1"
"FGF6","FGFR2","FGF","Secreted Signaling","PMC: 4393358","FGF6_FGFR2"
"FGF6","FGFR3","FGF","Secreted Signaling","PMC: 4393358","FGF6_FGFR3"
"FGF6","FGFR4","FGF","Secreted Signaling","PMC: 4393358","FGF6_FGFR4"
"FGF7","FGFR1","FGF","Secreted Signaling","PMC: 4393358","FGF7_FGFR1"
"FGF7","FGFR2","FGF","Secreted Signaling","PMC: 4393358","FGF7_FGFR2"
"FGF3","FGFR1","FGF","Secreted Signaling","PMC: 4393358","FGF3_FGFR1"
"FGF3","FGFR2","FGF","Secreted Signaling","PMC: 4393358","FGF3_FGFR2"
"FGF10","FGFR1","FGF","Secreted Signaling","PMC: 4393358","FGF10_FGFR1"
"FGF10","FGFR2","FGF","Secreted Signaling","PMC: 4393358","FGF10_FGFR2"
"FGF22","FGFR2","FGF","Secreted Signaling","PMC: 4393358","FGF22_FGFR2"
"FGF8","FGFR1","FGF","Secreted Signaling","PMC: 4393358","FGF8_FGFR1"
"FGF8","FGFR2","FGF","Secreted Signaling","PMC: 4393358","FGF8_FGFR2"
"FGF8","FGFR3","FGF","Secreted Signaling","PMC: 4393358","FGF8_FGFR3"
"FGF8","FGFR4","FGF","Secreted Signaling","PMC: 4393358","FGF8_FGFR4"
"FGF17","FGFR1","FGF","Secreted Signaling","PMC: 4393358","FGF17_FGFR1"
"FGF17","FGFR2","FGF","Secreted Signaling","PMC: 4393358","FGF17_FGFR2"
"FGF17","FGFR3","FGF","Secreted Signaling","PMC: 4393358","FGF17_FGFR3"
"FGF17","FGFR4","FGF","Secreted Signaling","PMC: 4393358","FGF17_FGFR4"
"FGF18","FGFR1","FGF","Secreted Signaling","PMC: 4393358","FGF18_FGFR1"
"FGF18","FGFR2","FGF","Secreted Signaling","PMC: 4393358","FGF18_FGFR2"
"FGF18","FGFR3","FGF","Secreted Signaling","PMC: 4393358","FGF18_FGFR3"
"FGF18","FGFR4","FGF","Secreted Signaling","PMC: 4393358","FGF18_FGFR4"
"FGF9","FGFR1","FGF","Secreted Signaling","PMC: 4393358","FGF9_FGFR1"
"FGF9","FGFR2","FGF","Secreted Signaling","PMC: 4393358","FGF9_FGFR2"
"FGF9","FGFR3","FGF","Secreted Signaling","PMC: 4393358","FGF9_FGFR3"
"FGF9","FGFR4","FGF","Secreted Signaling","PMC: 4393358","FGF9_FGFR4"
"FGF20","FGFR1","FGF","Secreted Signaling","PMC: 4393358","FGF20_FGFR1"
"FGF20","FGFR2","FGF","Secreted Signaling","PMC: 4393358","FGF20_FGFR2"
"FGF20","FGFR3","FGF","Secreted Signaling","PMC: 4393358","FGF20_FGFR3"
"FGF20","FGFR4","FGF","Secreted Signaling","PMC: 4393358","FGF20_FGFR4"
"FGF16","FGFR1","FGF","Secreted Signaling","PMC: 4393358","FGF16_FGFR1"
"FGF16","FGFR2","FGF","Secreted Signaling","PMC: 4393358","FGF16_FGFR2"
"FGF16","FGFR3","FGF","Secreted Signaling","PMC: 4393358","FGF16_FGFR3"
"FGF16","FGFR4","FGF","Secreted Signaling","PMC: 4393358","FGF16_FGFR4"
"FGF19","FGFR1","FGF","Secreted Signaling","PMC: 4393358","FGF19_FGFR1"
"FGF19","FGFR2","FGF","Secreted Signaling","PMC: 4393358","FGF19_FGFR2"
"FGF19","FGFR3","FGF","Secreted Signaling","PMC: 4393358","FGF19_FGFR3"
"FGF19","FGFR4","FGF","Secreted Signaling","PMC: 4393358","FGF19_FGFR4"
"FGF21","FGFR1","FGF","Secreted Signaling","PMC: 4393358","FGF21_FGFR1"
"FGF21","FGFR3","FGF","Secreted Signaling","PMC: 4393358","FGF21_FGFR3"
"FGF23","FGFR1","FGF","Secreted Signaling","PMC: 4393358","FGF23_FGFR1"
"FGF23","FGFR3","FGF","Secreted Signaling","PMC: 4393358","FGF23_FGFR3"
"FGF23","FGFR4","FGF","Secreted Signaling","PMC: 4393358","FGF23_FGFR4"
"PDGFA","PDGFRA","PDGF","Secreted Signaling","PMID: 15207812","PDGFA_PDGFRA"
"PDGFA","PDGFRB","PDGF","Secreted Signaling","PMID: 15207812","PDGFA_PDGFRB"
"PDGFB","PDGFRA","PDGF","Secreted Signaling","PMID: 15207812","PDGFB_PDGFRA"
"PDGFB","PDGFRB","PDGF","Secreted Signaling","PMID: 15207812","PDGFB_PDGFRB"
"PDGFC","PDGFRA","PDGF","Secreted Signaling","PMID: 15207812","PDGFC_PDGFRA"
"PDGFD","PDGFRB","PDGF","Secreted Signaling","PMID: 15207812","PDGFD_PDGFRB"
"VEGFA","FLT1","VEGF","Secreted Signaling","KEGG: hsa04370; PMID: 16633338","VEGFA_FLT1"
"VEGFA","KDR","VEGF","Secreted Signaling","KEGG: hsa04370; PMID: 16633338","VEGFA_KDR"
"VEGFB","FLT1","VEGF","Secreted Signaling","KEGG: hsa04370; PMID: 16633338","VEGFB_FLT1"
"VEGFC","FLT4","VEGF","Secreted Signaling","KEGG: hsa04370; PMID: 16633338","VEGFC_FLT4"
"VEGFC","KDR","VEGF","Secreted Signaling","KEGG: hsa04370; PMID: 16633338","VEGFC_KDR"
"VEGFD","FLT4","VEGF","Secreted Signaling","KEGG: hsa04370; PMID: 16633338","VEGFD_FLT4"
"VEGFD","KDR","VEGF","Secreted Signaling","KEGG: hsa04370; PMID: 16633338","VEGFD_KDR"
"PGF","FLT1","VEGF","Secreted Signaling","KEGG: hsa04370; PMID: 16633338","PGF_FLT1"
"VEGFA","FLT1_KDR","VEGF","Secreted Signaling","PMID: 16633338","VEGFA_FLT1_KDR"
"VEGFC","FLT4_KDR","VEGF","Secreted Signaling","PMID: 16633338","VEGFC_FLT4_KDR"
"VEGFD","FLT4_KDR","VEGF","Secreted Signaling","PMID: 16633338","VEGFD_FLT4_KDR"
"IGF1","IGF1R","IGF","Secreted Signaling","PMID: 14604834","IGF1_IGF1R"
"IGF2","IGF1R","IGF","Secreted Signaling","PMID: 14604834","IGF2_IGF1R"
"IGF2","IGF2R","IGF","Secreted Signaling","PMID: 14604834","IGF2_IGF2R"
"IGF1","ITGAV_ITGB3","IGF","Secreted Signaling","PMID: 28190785; PMID: 28873464","IGF1_ITGAV_ITGB3"
"IGF1","ITGA6_ITGB4","IGF","Secreted Signaling","PMID: 28190785; PMID: 28873464","IGF1_ITGA6_ITGB4"
"IGF2","ITGAV_ITGB3","IGF","Secreted Signaling","PMID: 28190785; PMID: 28873464","IGF2_ITGAV_ITGB3"
"IGF2","ITGA6_ITGB4","IGF","Secreted Signaling","PMID: 28190785; PMID: 28873464","IGF2_ITGA6_ITGB4"
"IGFL3","IGFLR1","IGF","Secreted Signaling","PMID: 21454693","IGFL3_IGFLR1"
"INS","INSR","INSULIN","Secreted Signaling","KEGG: hsa04911; PMID: 24633815","INS_INSR"
"APLN","APLNR","APELIN","Secreted Signaling","KEGG: hsa04371","APLN_APLNR"
"DHH","PTCH1_SMO","HH","Secreted Signaling","KEGG: hsa04340; PMID: 25701396","DHH_PTCH1_SMO"
"IHH","PTCH1_SMO","HH","Secreted Signaling","KEGG: hsa04340; PMID: 25701396","IHH_PTCH1_SMO"
"SHH","PTCH1_SMO","HH","Secreted Signaling","KEGG: hsa04340; PMID: 25701396","SHH_PTCH1_SMO"
"DHH","PTCH2_SMO","HH","Secreted Signaling","KEGG: hsa04340; PMID: 25701396","DHH_PTCH2_SMO"
"IHH","PTCH2_SMO","HH","Secreted Signaling","KEGG: hsa04340; PMID: 25701396","IHH_PTCH2_SMO"
"SHH","PTCH2_SMO","HH","Secreted Signaling","KEGG: hsa04340; PMID: 25701396","SHH_PTCH2_SMO"
"CCL5","CCR1","CCL","Secreted Signaling","KEGG: hsa04060","CCL5_CCR1"
"CCL3","CCR1","CCL","Secreted Signaling","KEGG: hsa04060","CCL3_CCR1"
"CCL3L1","CCR1","CCL","Secreted Signaling","KEGG: hsa04060","CCL3L1_CCR1"
"CCL3L3","CCR1","CCL","Secreted Signaling","KEGG: hsa04060","CCL3L3_CCR1"
"CCL8","CCR1","CCL","Secreted Signaling","KEGG: hsa04060","CCL8_CCR1"
"CCL7","CCR1","CCL","Secreted Signaling","KEGG: hsa04060","CCL7_CCR1"
"CCL13","CCR1","CCL","Secreted Signaling","KEGG: hsa04060","CCL13_CCR1"
"CCL14","CCR1","CCL","Secreted Signaling","KEGG: hsa04060","CCL14_CCR1"
"CCL15","CCR1","CCL","Secreted Signaling","KEGG: hsa04060","CCL15_CCR1"
"CCL16","CCR1","CCL","Secreted Signaling","KEGG: hsa04060","CCL16_CCR1"
"CCL23","CCR1","CCL","Secreted Signaling","KEGG: hsa04060","CCL23_CCR1"
"CCL8","CCR2","CCL","Secreted Signaling","KEGG: hsa04060","CCL8_CCR2"
"CCL7","CCR2","CCL","Secreted Signaling","KEGG: hsa04060","CCL7_CCR2"
"CCL2","CCR2","CCL","Secreted Signaling","KEGG: hsa04060","CCL2_CCR2"
"CCL27","CCR2","CCL","Secreted Signaling","KEGG: hsa04060","CCL27_CCR2"
"CCL5","CCR3","CCL","Secreted Signaling","KEGG: hsa04060","CCL5_CCR3"
"CCL7","CCR3","CCL","Secreted Signaling","KEGG: hsa04060","CCL7_CCR3"
"CCL11","CCR3","CCL","Secreted Signaling","KEGG: hsa04060","CCL11_CCR3"
"CCL24","CCR3","CCL","Secreted Signaling","KEGG: hsa04060","CCL24_CCR3"
"CCL26","CCR3","CCL","Secreted Signaling","KEGG: hsa04060","CCL26_CCR3"
"CCL28","CCR3","CCL","Secreted Signaling","KEGG: hsa04060","CCL28_CCR3"
"CCL27","CCR3","CCL","Secreted Signaling","KEGG: hsa04060","CCL27_CCR3"
"CCL17","CCR4","CCL","Secreted Signaling","KEGG: hsa04060","CCL17_CCR4"
"CCL22","CCR4","CCL","Secreted Signaling","KEGG: hsa04060","CCL22_CCR4"
"CCL5","CCR4","CCL","Secreted Signaling","KEGG: hsa04060","CCL5_CCR4"
"CCL4","CCR5","CCL","Secreted Signaling","KEGG: hsa04060","CCL4_CCR5"
"CCL5","CCR5","CCL","Secreted Signaling","KEGG: hsa04060","CCL5_CCR5"
"CCL3","CCR5","CCL","Secreted Signaling","KEGG: hsa04060","CCL3_CCR5"
"CCL20","CCR6","CCL","Secreted Signaling","KEGG: hsa04060","CCL20_CCR6"
"CCL19","CCR7","CCL","Secreted Signaling","KEGG: hsa04060","CCL19_CCR7"
"CCL21","CCR7","CCL","Secreted Signaling","KEGG: hsa04060","CCL21_CCR7"
"CCL19","ACKR4","CCL","Secreted Signaling","KEGG: hsa04060","CCL19_ACKR4"
"CCL21","ACKR4","CCL","Secreted Signaling","KEGG: hsa04060","CCL21_ACKR4"
"CCL1","CCR8","CCL","Secreted Signaling","KEGG: hsa04060","CCL1_CCR8"
"CCL25","CCR9","CCL","Secreted Signaling","KEGG: hsa04060","CCL25_CCR9"
"CCL25","ACKR4","CCL","Secreted Signaling","KEGG: hsa04060","CCL25_ACKR4"
"CCL28","CCR10","CCL","Secreted Signaling","KEGG: hsa04060","CCL28_CCR10"
"CCL27","CCR10","CCL","Secreted Signaling","KEGG: hsa04060","CCL27_CCR10"
"CCL1","ACKR4","CCL","Secreted Signaling","KEGG: hsa04060","CCL1_ACKR4"
"CCL13","ACKR4","CCL","Secreted Signaling","PMID: 26740381","CCL13_ACKR4"
"CCL8","ACKR4","CCL","Secreted Signaling","PMID: 26740381","CCL8_ACKR4"
"CCL1","ACKR1","CCL","Secreted Signaling","PMID: 26740381","CCL1_ACKR1"
"CCL2","ACKR1","CCL","Secreted Signaling","PMID: 26740381","CCL2_ACKR1"
"CCL5","ACKR1","CCL","Secreted Signaling","PMID: 26740381","CCL5_ACKR1"
"CCL8","ACKR1","CCL","Secreted Signaling","PMID: 26740381","CCL8_ACKR1"
"CCL13","ACKR1","CCL","Secreted Signaling","PMID: 26740381","CCL13_ACKR1"
"CCL14","ACKR1","CCL","Secreted Signaling","PMID: 26740381","CCL14_ACKR1"
"CCL16","ACKR1","CCL","Secreted Signaling","PMID: 26740381","CCL16_ACKR1"
"CCL18","ACKR1","CCL","Secreted Signaling","PMID: 26740381","CCL18_ACKR1"
"CXCL1","ACKR1","CXCL","Secreted Signaling","PMID: 26740381","CXCL1_ACKR1"
"CXCL2","ACKR1","CXCL","Secreted Signaling","PMID: 26740381","CXCL2_ACKR1"
"CXCL3","ACKR1","CXCL","Secreted Signaling","PMID: 26740381","CXCL3_ACKR1"
"CXCL5","ACKR1","CXCL","Secreted Signaling","PMID: 26740381","CXCL5_ACKR1"
"CXCL6","ACKR1","CXCL","Secreted Signaling","PMID: 26740381","CXCL6_ACKR1"
"CXCL8","ACKR1","CXCL","Secreted Signaling","PMID: 26740381","CXCL8_ACKR1"
"CXCL9","ACKR1","CXCL","Secreted Signaling","PMID: 26740381","CXCL9_ACKR1"
"CXCL10","ACKR1","CXCL","Secreted Signaling","PMID: 26740381","CXCL10_ACKR1"
"CXCL11","ACKR1","CXCL","Secreted Signaling","PMID: 26740381","CXCL11_ACKR1"
"CXCL13","ACKR1","CXCL","Secreted Signaling","PMID: 26740381","CXCL13_ACKR1"
"CCL2","ACKR2","CCL","Secreted Signaling","PMID: 26740381","CCL2_ACKR2"
"CCL3","ACKR2","CCL","Secreted Signaling","PMID: 26740381","CCL3_ACKR2"
"CCL3L1","ACKR2","CCL","Secreted Signaling","PMID: 26740381","CCL3L1_ACKR2"
"CCL4","ACKR2","CCL","Secreted Signaling","PMID: 26740381","CCL4_ACKR2"
"CCL5","ACKR2","CCL","Secreted Signaling","PMID: 26740381","CCL5_ACKR2"
"CCL7","ACKR2","CCL","Secreted Signaling","PMID: 26740381","CCL7_ACKR2"
"CCL8","ACKR2","CCL","Secreted Signaling","PMID: 26740381","CCL8_ACKR2"
"CCL7","ACKR1","CCL","Secreted Signaling","PMID: 26740381","CCL7_ACKR1"
"CCL11","ACKR1","CCL","Secreted Signaling","PMID: 26740381","CCL11_ACKR1"
"CCL11","ACKR2","CCL","Secreted Signaling","PMID: 26740381","CCL11_ACKR2"
"CCL13","ACKR2","CCL","Secreted Signaling","PMID: 26740381","CCL13_ACKR2"
"CCL22","ACKR2","CCL","Secreted Signaling","PMID: 26740381","CCL22_ACKR2"
"CCL24","ACKR2","CCL","Secreted Signaling","PMID: 26740381","CCL24_ACKR2"
"CCL26","ACKR2","CCL","Secreted Signaling","PMID: 26740381","CCL26_ACKR2"
"CCL17","ACKR1","CCL","Secreted Signaling","PMID: 26740381","CCL17_ACKR1"
"CCL14","ACKR2","CCL","Secreted Signaling","PMID: 26740381","CCL14_ACKR2"
"CCL17","ACKR2","CCL","Secreted Signaling","PMID: 26740381","CCL17_ACKR2"
"CXCL1","CXCR1","CXCL","Secreted Signaling","KEGG: hsa04060","CXCL1_CXCR1"
"CXCL2","CXCR1","CXCL","Secreted Signaling","KEGG: hsa04060","CXCL2_CXCR1"
"CXCL3","CXCR1","CXCL","Secreted Signaling","KEGG: hsa04060","CXCL3_CXCR1"
"CXCL5","CXCR1","CXCL","Secreted Signaling","KEGG: hsa04060","CXCL5_CXCR1"
"CXCL6","CXCR1","CXCL","Secreted Signaling","KEGG: hsa04060","CXCL6_CXCR1"
"CXCL8","CXCR1","CXCL","Secreted Signaling","KEGG: hsa04060","CXCL8_CXCR1"
"CXCL1","CXCR2","CXCL","Secreted Signaling","KEGG: hsa04060","CXCL1_CXCR2"
"CXCL2","CXCR2","CXCL","Secreted Signaling","KEGG: hsa04060","CXCL2_CXCR2"
"CXCL3","CXCR2","CXCL","Secreted Signaling","KEGG: hsa04060","CXCL3_CXCR2"
"CXCL5","CXCR2","CXCL","Secreted Signaling","KEGG: hsa04060","CXCL5_CXCR2"
"CXCL6","CXCR2","CXCL","Secreted Signaling","KEGG: hsa04060","CXCL6_CXCR2"
"CXCL8","CXCR2","CXCL","Secreted Signaling","KEGG: hsa04060","CXCL8_CXCR2"
"PPBP","CXCR2","CXCL","Secreted Signaling","KEGG: hsa04060","PPBP_CXCR2"
"PF4V1","CXCR3","CXCL","Secreted Signaling","KEGG: hsa04060","PF4V1_CXCR3"
"CXCL9","CXCR3","CXCL","Secreted Signaling","KEGG: hsa04060","CXCL9_CXCR3"
"CXCL10","CXCR3","CXCL","Secreted Signaling","KEGG: hsa04060","CXCL10_CXCR3"
"CXCL11","CXCR3","CXCL","Secreted Signaling","KEGG: hsa04060","CXCL11_CXCR3"
"CXCL13","CXCR3","CXCL","Secreted Signaling","KEGG: hsa04060","CXCL13_CXCR3"
"PF4","CXCR3","CXCL","Secreted Signaling","KEGG: hsa04060","PF4_CXCR3"
"CXCL12","CXCR4","CXCL","Secreted Signaling","KEGG: hsa04060","CXCL12_CXCR4"
"CXCL11","ACKR3","CXCL","Secreted Signaling","KEGG: hsa04060","CXCL11_ACKR3"
"CXCL12","ACKR3","CXCL","Secreted Signaling","KEGG: hsa04060","CXCL12_ACKR3"
"CXCL13","CXCR5","CXCL","Secreted Signaling","KEGG: hsa04060","CXCL13_CXCR5"
"CXCL16","CXCR6","CXCL","Secreted Signaling","KEGG: hsa04060","CXCL16_CXCR6"
"MIF","CD74_CXCR4","MIF","Secreted Signaling","PMID: 29637711; PMID: 24760155","MIF_CD74_CXCR4"
"MIF","CD74_CD44","MIF","Secreted Signaling","PMID: 29637711; PMID: 26175090","MIF_CD74_CD44"
"MIF","CD74_CXCR2","MIF","Secreted Signaling","PMID: 29637711; PMID: 26175090","MIF_CD74_CXCR2"
"MIF","ACKR3","MIF","Secreted Signaling","PMID: 26175090","MIF_ACKR3"
"CX3CL1","CX3CR1","CX3C","Secreted Signaling","KEGG: hsa04060","CX3CL1_CX3CR1"
"XCL1","XCR1","XCR","Secreted Signaling","KEGG: hsa04060","XCL1_XCR1"
"XCL2","XCR1","XCR","Secreted Signaling","KEGG: hsa04060","XCL2_XCR1"
"IL2","IL2RA_IL2RB_IL2RG","IL2","Secreted Signaling","KEGG: hsa04060","IL2_IL2RA_IL2RB_IL2RG"
"IL2","IL2RB_IL2RG","IL2","Secreted Signaling","KEGG: hsa04060","IL2_IL2RB_IL2RG"
"IL4","IL4R_IL2RG","IL2","Secreted Signaling","KEGG: hsa04060","IL4_IL4R_IL2RG"
"IL7","IL7R_IL2RG","IL2","Secreted Signaling","KEGG: hsa04060","IL7_IL7R_IL2RG"
"IL9","IL9R_IL2RG","IL2","Secreted Signaling","KEGG: hsa04060","IL9_IL9R_IL2RG"
"IL15","IL15RA_IL2RB","IL2","Secreted Signaling","KEGG: hsa04060","IL15_IL15RA_IL2RB"
"IL21","IL21R_IL2RG","IL2","Secreted Signaling","KEGG: hsa04060","IL21_IL21R_IL2RG"
"TSLP","IL7R_CRLF2","IL2","Secreted Signaling","KEGG: hsa04060","TSLP_IL7R_CRLF2"
"IL3","IL3RA_CSF2RB","IL4","Secreted Signaling","KEGG: hsa04060","IL3_IL3RA_CSF2RB"
"IL5","IL5RA_CSF2RB","IL4","Secreted Signaling","KEGG: hsa04060","IL5_IL5RA_CSF2RB"
"CSF2","CSF2RA_CSF2RB","IL4","Secreted Signaling","KEGG: hsa04060","CSF2_CSF2RA_CSF2RB"
"IL4","IL4R","IL4","Secreted Signaling","KEGG: hsa04060","IL4_IL4R"
"IL4","IL4R_IL13RA1","IL4","Secreted Signaling","KEGG: hsa04060","IL4_IL4R_IL13RA1"
"IL4","IL4R_IL13RA2","IL4","Secreted Signaling","KEGG: hsa04060","IL4_IL4R_IL13RA2"
"IL13","IL4R_IL13RA1","IL4","Secreted Signaling","KEGG: hsa04060","IL13_IL4R_IL13RA1"
"IL13","IL4R_IL13RA2","IL4","Secreted Signaling","KEGG: hsa04060","IL13_IL4R_IL13RA2"
"IL13","IL13RA1","IL4","Secreted Signaling","KEGG: hsa04060","IL13_IL13RA1"
"IL13","IL13RA2","IL4","Secreted Signaling","KEGG: hsa04060","IL13_IL13RA2"
"IL6","IL6R_IL6ST","IL6","Secreted Signaling","KEGG: hsa04060","IL6_IL6R_IL6ST"
"IL11","IL11R complex","IL6","Secreted Signaling","KEGG: hsa04060","IL11_IL11R complex"
"IL12AB","IL12RB1_IL12RB2","IL12","Secreted Signaling","PMID: 26918147","IL12AB_IL12RB1_IL12RB2"
"IL23 complex","IL23R_IL12RB1","IL12","Secreted Signaling","PMID: 11114383","IL23 complex_IL23R_IL12RB1"
"IL27 complex","IL27RA_IL6ST","IL12","Secreted Signaling","PMID: 25861977","IL27 complex_IL27RA_IL6ST"
"IL31","IL31RA_OSMR","IL6","Secreted Signaling","KEGG: hsa04060","IL31_IL31RA_OSMR"
"CNTF","CNTFR_LIFR","LIFR","Secreted Signaling","KEGG: hsa04060","CNTF_CNTFR_LIFR"
"CLCF1","CNTFR_LIFR","LIFR","Secreted Signaling","KEGG: hsa04060","CLCF1_CNTFR_LIFR"
"CTF1","LIFR_IL6ST","LIFR","Secreted Signaling","KEGG: hsa04060","CTF1_LIFR_IL6ST"
"LIF","LIFR_IL6ST","LIFR","Secreted Signaling","KEGG: hsa04060","LIF_LIFR_IL6ST"
"OSM","LIFR_IL6ST","OSM","Secreted Signaling","KEGG: hsa04060","OSM_LIFR_IL6ST"
"OSM","OSMR_IL6ST","OSM","Secreted Signaling","KEGG: hsa04060","OSM_OSMR_IL6ST"
"IL10","IL10RA_IL10RB","IL10","Secreted Signaling","KEGG: hsa04060","IL10_IL10RA_IL10RB"
"IL19","IL20RA_IL20RB","IL10","Secreted Signaling","KEGG: hsa04060","IL19_IL20RA_IL20RB"
"IL20","IL20RA_IL20RB","IL10","Secreted Signaling","KEGG: hsa04060","IL20_IL20RA_IL20RB"
"IL24","IL20RA_IL20RB","IL10","Secreted Signaling","KEGG: hsa04060","IL24_IL20RA_IL20RB"
"IL20","IL22RA1_IL20RB","IL10","Secreted Signaling","KEGG: hsa04060","IL20_IL22RA1_IL20RB"
"IL24","IL22RA1_IL20RB","IL10","Secreted Signaling","KEGG: hsa04060","IL24_IL22RA1_IL20RB"
"IL22","IL22RA1_IL10RB","IL10","Secreted Signaling","KEGG: hsa04060","IL22_IL22RA1_IL10RB"
"IL26","IL20RA_IL10RB","IL10","Secreted Signaling","KEGG: hsa04060","IL26_IL20RA_IL10RB"
"IL1A","IL1R1_IL1RAP","IL1","Secreted Signaling","KEGG: hsa04060","IL1A_IL1R1_IL1RAP"
"IL1B","IL1R1_IL1RAP","IL1","Secreted Signaling","KEGG: hsa04060","IL1B_IL1R1_IL1RAP"
"IL1A","IL1R2","IL1","Secreted Signaling","KEGG: hsa04060","IL1A_IL1R2"
"IL1B","IL1R2","IL1","Secreted Signaling","KEGG: hsa04060","IL1B_IL1R2"
"IL36RN","IL1RL2_IL1RAP","IL1","Secreted Signaling","KEGG: hsa04060","IL36RN_IL1RL2_IL1RAP"
"IL36A","IL1RL2_IL1RAP","IL1","Secreted Signaling","KEGG: hsa04060","IL36A_IL1RL2_IL1RAP"
"IL36B","IL1RL2_IL1RAP","IL1","Secreted Signaling","KEGG: hsa04060","IL36B_IL1RL2_IL1RAP"
"IL36G","IL1RL2_IL1RAP","IL1","Secreted Signaling","KEGG: hsa04060","IL36G_IL1RL2_IL1RAP"
"IL1F10","IL1RL2_IL1RAP","IL1","Secreted Signaling","KEGG: hsa04060","IL1F10_IL1RL2_IL1RAP"
"IL37","IL18R1_IL18RAP","IL1","Secreted Signaling","KEGG: hsa04060","IL37_IL18R1_IL18RAP"
"IL18","IL18R1_IL18RAP","IL1","Secreted Signaling","KEGG: hsa04060","IL18_IL18R1_IL18RAP"
"IL33","IL1RL1_IL1RAP","IL1","Secreted Signaling","KEGG: hsa04060","IL33_IL1RL1_IL1RAP"
"IL17A","IL17RA_IL17RC","IL17","Secreted Signaling","KEGG: hsa04060","IL17A_IL17RA_IL17RC"
"IL17F","IL17RA_IL17RC","IL17","Secreted Signaling","KEGG: hsa04060","IL17F_IL17RA_IL17RC"
"IL17AF","IL17RA_IL17RC","IL17","Secreted Signaling","PMID: 24813051","IL17AF_IL17RA_IL17RC"
"IL17B","IL17RB","IL17","Secreted Signaling","KEGG: hsa04060","IL17B_IL17RB"
"IL17C","IL17RA_IL17RE","IL17","Secreted Signaling","KEGG: hsa04060","IL17C_IL17RA_IL17RE"
"IL25","IL17RA_IL17RB","IL17","Secreted Signaling","KEGG: hsa04060","IL25_IL17RA_IL17RB"
"IL34","CSF1R","CSF","Secreted Signaling","KEGG: hsa04060","IL34_CSF1R"
"CSF1","CSF1R","CSF","Secreted Signaling","KEGG: hsa04060","CSF1_CSF1R"
"IL16","CD4","IL16","Secreted Signaling","KEGG: hsa04060","IL16_CD4"
"EPO","EPOR","EPO","Secreted Signaling","KEGG: hsa04060","EPO_EPOR"
"GH1","GHR","GH","Secreted Signaling","KEGG: hsa04060","GH1_GHR"
"PRL","PRLR","PRL","Secreted Signaling","KEGG: hsa04060; PMID: 23192981","PRL_PRLR"
"THPO","MPL","THPO","Secreted Signaling","KEGG: hsa04060","THPO_MPL"
"CSF3","CSF3R","CSF3","Secreted Signaling","KEGG: hsa04060","CSF3_CSF3R"
"IFNB1","IFNAR1_IFNAR2","IFN-I","Secreted Signaling","KEGG: hsa04060","IFNB1_IFNAR1_IFNAR2"
"IFNW1","IFNAR1_IFNAR2","IFN-I","Secreted Signaling","KEGG: hsa04060","IFNW1_IFNAR1_IFNAR2"
"IFNK","IFNAR1_IFNAR2","IFN-I","Secreted Signaling","KEGG: hsa04060","IFNK_IFNAR1_IFNAR2"
"IFNE","IFNAR1_IFNAR2","IFN-I","Secreted Signaling","KEGG: hsa04060","IFNE_IFNAR1_IFNAR2"
"IFNA1","IFNAR1_IFNAR2","IFN-I","Secreted Signaling","KEGG: hsa04060","IFNA1_IFNAR1_IFNAR2"
"IFNA2","IFNAR1_IFNAR2","IFN-I","Secreted Signaling","KEGG: hsa04060","IFNA2_IFNAR1_IFNAR2"
"IFNA4","IFNAR1_IFNAR2","IFN-I","Secreted Signaling","KEGG: hsa04060","IFNA4_IFNAR1_IFNAR2"
"IFNA5","IFNAR1_IFNAR2","IFN-I","Secreted Signaling","KEGG: hsa04060","IFNA5_IFNAR1_IFNAR2"
"IFNA6","IFNAR1_IFNAR2","IFN-I","Secreted Signaling","KEGG: hsa04060","IFNA6_IFNAR1_IFNAR2"
"IFNA7","IFNAR1_IFNAR2","IFN-I","Secreted Signaling","KEGG: hsa04060","IFNA7_IFNAR1_IFNAR2"
"IFNA8","IFNAR1_IFNAR2","IFN-I","Secreted Signaling","KEGG: hsa04060","IFNA8_IFNAR1_IFNAR2"
"IFNA10","IFNAR1_IFNAR2","IFN-I","Secreted Signaling","KEGG: hsa04060","IFNA10_IFNAR1_IFNAR2"
"IFNA13","IFNAR1_IFNAR2","IFN-I","Secreted Signaling","KEGG: hsa04060","IFNA13_IFNAR1_IFNAR2"
"IFNA14","IFNAR1_IFNAR2","IFN-I","Secreted Signaling","KEGG: hsa04060","IFNA14_IFNAR1_IFNAR2"
"IFNA16","IFNAR1_IFNAR2","IFN-I","Secreted Signaling","KEGG: hsa04060","IFNA16_IFNAR1_IFNAR2"
"IFNA17","IFNAR1_IFNAR2","IFN-I","Secreted Signaling","KEGG: hsa04060","IFNA17_IFNAR1_IFNAR2"
"IFNA21","IFNAR1_IFNAR2","IFN-I","Secreted Signaling","KEGG: hsa04060","IFNA21_IFNAR1_IFNAR2"
"IFNG","IFNGR1_IFNGR2","IFN-II","Secreted Signaling","KEGG: hsa04060","IFNG_IFNGR1_IFNGR2"
"TNF","TNFRSF1A","TNF","Secreted Signaling","KEGG: hsa04060","TNF_TNFRSF1A"
"TNF","TNFRSF1B","TNF","Secreted Signaling","KEGG: hsa04060","TNF_TNFRSF1B"
"LTA","TNFRSF1A","LT","Secreted Signaling","KEGG: hsa04060","LTA_TNFRSF1A"
"LTA","TNFRSF1B","LT","Secreted Signaling","KEGG: hsa04060","LTA_TNFRSF1B"
"LTA","TNFRSF14","LT","Secreted Signaling","KEGG: hsa04060","LTA_TNFRSF14"
"LTa1b2","LTBR","LT","Secreted Signaling","PMID: 24248355","LTa1b2_LTBR"
"TNFSF14","LTBR","LIGHT","Secreted Signaling","KEGG: hsa04060","TNFSF14_LTBR"
"TNFSF14","TNFRSF14","LIGHT","Secreted Signaling","KEGG: hsa04060","TNFSF14_TNFRSF14"
"FASLG","FAS","FASLG","Secreted Signaling","KEGG: hsa04060","FASLG_FAS"
"TNFSF15","TNFRSF25","VEGI","Secreted Signaling","KEGG: hsa04060","TNFSF15_TNFRSF25"
"TNFSF10","TNFRSF10A","TRAIL","Secreted Signaling","KEGG: hsa04060","TNFSF10_TNFRSF10A"
"EDA","EDAR","EDA","Secreted Signaling","KEGG: hsa04060","EDA_EDAR"
"EDA","EDA2R","EDA","Secreted Signaling","KEGG: hsa04060","EDA_EDA2R"
"NGF","NGFR","NGF","Secreted Signaling","KEGG: hsa04060","NGF_NGFR"
"KLK3","NGFR","NGF","Secreted Signaling","KEGG: hsa04060","KLK3_NGFR"
"TNFSF11","TNFRSF11A","RANKL","Secreted Signaling","KEGG: hsa04060","TNFSF11_TNFRSF11A"
"TNFSF11","TNFRSF11B","RANKL","Secreted Signaling","KEGG: hsa04060","TNFSF11_TNFRSF11B"
"TNFSF12","TNFRSF12A","TWEAK","Secreted Signaling","KEGG: hsa04060","TNFSF12_TNFRSF12A"
"CD70","CD27","CD70","Secreted Signaling","KEGG: hsa04060","CD70_CD27"
"TNFSF8","TNFRSF8","CD30","Secreted Signaling","KEGG: hsa04060","TNFSF8_TNFRSF8"
"TNFSF9","TNFRSF9","CD137","Secreted Signaling","KEGG: hsa04060","TNFSF9_TNFRSF9"
"TNFSF4","TNFRSF4","OX40","Secreted Signaling","KEGG: hsa04060","TNFSF4_TNFRSF4"
"TNFSF18","TNFRSF18","GITRL","Secreted Signaling","KEGG: hsa04060","TNFSF18_TNFRSF18"
"TNFSF13","TNFRSF17","APRIL","Secreted Signaling","KEGG: hsa04060","TNFSF13_TNFRSF17"
"TNFSF13","TNFRSF13B","APRIL","Secreted Signaling","KEGG: hsa04060","TNFSF13_TNFRSF13B"
"TNFSF13B","TNFRSF17","BAFF","Secreted Signaling","KEGG: hsa04060","TNFSF13B_TNFRSF17"
"TNFSF13B","TNFRSF13B","BAFF","Secreted Signaling","KEGG: hsa04060","TNFSF13B_TNFRSF13B"
"TNFSF13B","TNFRSF13C","BAFF","Secreted Signaling","KEGG: hsa04060","TNFSF13B_TNFRSF13C"
"CD40LG","ITGA2B_ITGB3","CD40","Secreted Signaling","PMID: 28676852","CD40LG_ITGA2B_ITGB3"
"CD40LG","ITGA5_ITGB1","CD40","Secreted Signaling","PMID: 28676852","CD40LG_ITGA5_ITGB1"
"CD40LG","ITGAM_ITGB2","CD40","Secreted Signaling","PMID: 28676852","CD40LG_ITGAM_ITGB2"
"SPP1","CD44","SPP1","Secreted Signaling","PMID: 21907263","SPP1_CD44"
"SPP1","ITGAV_ITGB3","SPP1","Secreted Signaling","PMID: 21907263","SPP1_ITGAV_ITGB3"
"SPP1","ITGAV_ITGB1","SPP1","Secreted Signaling","PMID: 21907263","SPP1_ITGAV_ITGB1"
"SPP1","ITGAV_ITGB5","SPP1","Secreted Signaling","PMID: 21907263","SPP1_ITGAV_ITGB5"
"SPP1","ITGAV_ITGB6","SPP1","Secreted Signaling","PMID: 21907263","SPP1_ITGAV_ITGB6"
"SPP1","ITGA4_ITGB1","SPP1","Secreted Signaling","PMID: 21907263","SPP1_ITGA4_ITGB1"
"SPP1","ITGA9_ITGB1","SPP1","Secreted Signaling","PMID: 21907263","SPP1_ITGA9_ITGB1"
"SPP1","ITGA8_ITGB1","SPP1","Secreted Signaling","PMID: 21907263","SPP1_ITGA8_ITGB1"
"SPP1","ITGA5_ITGB1","SPP1","Secreted Signaling","PMID: 21907263","SPP1_ITGA5_ITGB1"
"ADIPOQ","ADIPOR1","ADIPONECTIN","Secreted Signaling","PMID: 21284979","ADIPOQ_ADIPOR1"
"ADIPOQ","ADIPOR2","ADIPONECTIN","Secreted Signaling","PMID: 21284979","ADIPOQ_ADIPOR2"
"RETN","TLR4","RESISTIN","Secreted Signaling","PMID: 30809105","RETN_TLR4"
"RETN","CAP1","RESISTIN","Secreted Signaling","PMID: 30809105","RETN_CAP1"
"NAMPT","INSR","VISFATIN","Secreted Signaling","PMID: 28490838","NAMPT_INSR"
"NAMPT","ITGA5_ITGB1","VISFATIN","Secreted Signaling","PMID: 28490838","NAMPT_ITGA5_ITGB1"
"ANGPTL1","ITGA1_ITGB1","ANGPTL","Secreted Signaling","PMID: 24478758","ANGPTL1_ITGA1_ITGB1"
"ANGPTL2","ITGA5_ITGB1","ANGPTL","Secreted Signaling","PMID: 24478758","ANGPTL2_ITGA5_ITGB1"
"ANGPTL2","TLR4","ANGPTL","Secreted Signaling","PMID: 24478758","ANGPTL2_TLR4"
"ANGPTL2","LILRB3","ANGPTL","Secreted Signaling","PMID: 24478758","ANGPTL2_LILRB3"
"ANGPTL1","LILRB3","ANGPTL","Secreted Signaling","PMID: 24478758","ANGPTL1_LILRB3"
"ANGPTL7","LILRB3","ANGPTL","Secreted Signaling","PMID: 24478758","ANGPTL7_LILRB3"
"ANGPTL4","ITGA5_ITGB1","ANGPTL","Secreted Signaling","PMID: 30049845","ANGPTL4_ITGA5_ITGB1"
"ANGPTL4","ITGAV_ITGB3","ANGPTL","Secreted Signaling","PMID: 30049845","ANGPTL4_ITGAV_ITGB3"
"ANGPTL4","CDH5","ANGPTL","Secreted Signaling","PMID: 30049845","ANGPTL4_CDH5"
"ANGPTL4","CDH11","ANGPTL","Secreted Signaling","PMID: 30049845","ANGPTL4_CDH11"
"ANGPTL4","SDC1","ANGPTL","Secreted Signaling","PMID: 29017031","ANGPTL4_SDC1"
"ANGPTL4","SDC2","ANGPTL","Secreted Signaling","PMID: 29017031","ANGPTL4_SDC2"
"ANGPTL4","SDC3","ANGPTL","Secreted Signaling","PMID: 29017031","ANGPTL4_SDC3"
"ANGPTL4","SDC4","ANGPTL","Secreted Signaling","PMID: 29017031","ANGPTL4_SDC4"
"ANGPTL3","ITGAV_ITGB3","ANGPTL","Secreted Signaling","PMID: 11877390","ANGPTL3_ITGAV_ITGB3"
"ANGPT1","TEK","ANGPT","Secreted Signaling","PMID: 20651738","ANGPT1_TEK"
"ANGPT2","TEK","ANGPT","Secreted Signaling","PMID: 20651738","ANGPT2_TEK"
"ANGPT2","ITGA5_ITGB1","ANGPT","Secreted Signaling","PMID: 20651738; PMID: 25635707","ANGPT2_ITGA5_ITGB1"
"MDK","SDC1","MK","Secreted Signaling","PMID: 28356350","MDK_SDC1"
"MDK","SDC2","MK","Secreted Signaling","PMID: 28356350","MDK_SDC2"
"MDK","SDC4","MK","Secreted Signaling","PMID: 28356350","MDK_SDC4"
"MDK","PTPRZ1","MK","Secreted Signaling","PMID: 28356350","MDK_PTPRZ1"
"MDK","ITGA4_ITGB1","MK","Secreted Signaling","PMID: 28356350","MDK_ITGA4_ITGB1"
"MDK","ITGA6_ITGB1","MK","Secreted Signaling","PMID: 28356350","MDK_ITGA6_ITGB1"
"MDK","LRP1","MK","Secreted Signaling","PMID: 28356350","MDK_LRP1"
"MDK","NCL","MK","Secreted Signaling","PMID: 28356350","MDK_NCL"
"MDK","ALK","MK","Secreted Signaling","PMID: 19459784","MDK_ALK"
"PTN","PTPRZ1","PTN","Secreted Signaling","PMID: 28356350; PMID: 25620911","PTN_PTPRZ1"
"PTN","SDC1","PTN","Secreted Signaling","PMID: 28356350; PMID: 25620911","PTN_SDC1"
"PTN","SDC2","PTN","Secreted Signaling","PMID: 28356350; PMID: 25620911","PTN_SDC2"
"PTN","SDC3","PTN","Secreted Signaling","PMID: 28356350; PMID: 25620911","PTN_SDC3"
"PTN","SDC4","PTN","Secreted Signaling","PMID: 28356350; PMID: 25620911","PTN_SDC4"
"PTN","ITGAV_ITGB3","PTN","Secreted Signaling","PMID: 28356350; PMID: 25620911","PTN_ITGAV_ITGB3"
"PTN","NCL","PTN","Secreted Signaling","PMID: 28356350; PMID: 25620911","PTN_NCL"
"PTN","ALK","PTN","Secreted Signaling","PMID: 28356350; PMID: 25620911","PTN_ALK"
"POSTN","ITGAV_ITGB3","PERIOSTIN","Secreted Signaling","PMID: 26721738","POSTN_ITGAV_ITGB3"
"POSTN","ITGAV_ITGB5","PERIOSTIN","Secreted Signaling","PMID: 26721738","POSTN_ITGAV_ITGB5"
"AGT","AGTR1","AGT","Secreted Signaling","KEGG: hsa04080","AGT_AGTR1"
"GRP","GRPR","GPR","Secreted Signaling","KEGG: hsa04080","GRP_GRPR"
"NMB","NMBR","GPR","Secreted Signaling","KEGG: hsa04080","NMB_NMBR"
"KNG1","BDKRB1","BRADYKININ","Secreted Signaling","KEGG: hsa04080","KNG1_BDKRB1"
"KNG1","BDKRB2","BRADYKININ","Secreted Signaling","KEGG: hsa04080","KNG1_BDKRB2"
"C3","C3AR1","COMPLEMENT","Secreted Signaling","KEGG: hsa04080","C3_C3AR1"
"C3","CR2","COMPLEMENT","Secreted Signaling","PMID: 16234578","C3_CR2"
"C3","ITGAM_ITGB2","COMPLEMENT","Secreted Signaling","PMID: 16234578","C3_ITGAM_ITGB2"
"C3","ITGAX_ITGB2","COMPLEMENT","Secreted Signaling","PMID: 16234578","C3_ITGAX_ITGB2"
"C4A","C3AR1","COMPLEMENT","Secreted Signaling","PMID: 16234578","C4A_C3AR1"
"C4A","CR2","COMPLEMENT","Secreted Signaling","PMID: 16234578","C4A_CR2"
"C5","C5AR1","COMPLEMENT","Secreted Signaling","KEGG: hsa04080","C5_C5AR1"
"CCK","CCKAR","CCK","Secreted Signaling","KEGG: hsa04080","CCK_CCKAR"
"CCK","CCKBR","CCK","Secreted Signaling","KEGG: hsa04080","CCK_CCKBR"
"EDN1","EDNRA","EDN","Secreted Signaling","KEGG: hsa04080","EDN1_EDNRA"
"EDN2","EDNRA","EDN","Secreted Signaling","KEGG: hsa04080","EDN2_EDNRA"
"EDN3","EDNRA","EDN","Secreted Signaling","KEGG: hsa04080","EDN3_EDNRA"
"EDN1","EDNRB","EDN","Secreted Signaling","KEGG: hsa04080","EDN1_EDNRB"
"EDN2","EDNRB","EDN","Secreted Signaling","KEGG: hsa04080","EDN2_EDNRB"
"EDN3","EDNRB","EDN","Secreted Signaling","KEGG: hsa04080","EDN3_EDNRB"
"GAL","GALR1","GALANIN","Secreted Signaling","KEGG: hsa04080","GAL_GALR1"
"GAL","GALR2","GALANIN","Secreted Signaling","KEGG: hsa04080","GAL_GALR2"
"GAL","GALR3","GALANIN","Secreted Signaling","KEGG: hsa04080","GAL_GALR3"
"GALP","GALR1","GALANIN","Secreted Signaling","PMID: 23233848","GALP_GALR1"
"GALP","GALR2","GALANIN","Secreted Signaling","PMID: 23233848","GALP_GALR2"
"GHRL","GHSR","GHRELIN","Secreted Signaling","KEGG: hsa04080; PMID: 29233536","GHRL_GHSR"
"KISS1","KISS1R","KISS1","Secreted Signaling","KEGG: hsa04080","KISS1_KISS1R"
"POMC","MC1R","MELANOCORTIN","Secreted Signaling","KEGG: hsa04080","POMC_MC1R"
"POMC","MC2R","MELANOCORTIN","Secreted Signaling","KEGG: hsa04080","POMC_MC2R"
"POMC","MC3R","MELANOCORTIN","Secreted Signaling","KEGG: hsa04080; PMID: 11024027","POMC_MC3R"
"POMC","MC4R","MELANOCORTIN","Secreted Signaling","KEGG: hsa04080; PMID: 11024027","POMC_MC4R"
"POMC","MC5R","MELANOCORTIN","Secreted Signaling","KEGG: hsa04080","POMC_MC5R"
"NMU","NMUR1","NMU","Secreted Signaling","KEGG: hsa04080","NMU_NMUR1"
"NMU","NMUR2","NMU","Secreted Signaling","KEGG: hsa04080","NMU_NMUR2"
"NMS","NMUR1","NMU","Secreted Signaling","PMID: 29288685","NMS_NMUR1"
"NMS","NMUR2","NMU","Secreted Signaling","PMID: 29288685","NMS_NMUR2"
"NPFF","NPFFR1","NPFF","Secreted Signaling","KEGG: hsa04080","NPFF_NPFFR1"
"NPFF","NPFFR2","NPFF","Secreted Signaling","KEGG: hsa04080","NPFF_NPFFR2"
"NPY","NPY1R","NPY","Secreted Signaling","KEGG: hsa04080","NPY_NPY1R"
"NPY","NPY2R","NPY","Secreted Signaling","KEGG: hsa04080","NPY_NPY2R"
"NPY","NPY4R","NPY","Secreted Signaling","KEGG: hsa04080","NPY_NPY4R"
"NPY","NPY5R","NPY","Secreted Signaling","KEGG: hsa04080","NPY_NPY5R"
"NPY","NPY6R","NPY","Secreted Signaling","KEGG: hsa04080","NPY_NPY6R"
"NPY","GPR83","NPY","Secreted Signaling","KEGG: hsa04080","NPY_GPR83"
"PPY","NPY1R","NPY","Secreted Signaling","KEGG: hsa04080","PPY_NPY1R"
"PPY","NPY2R","NPY","Secreted Signaling","KEGG: hsa04080","PPY_NPY2R"
"PPY","NPY4R","NPY","Secreted Signaling","KEGG: hsa04080","PPY_NPY4R"
"PPY","NPY5R","NPY","Secreted Signaling","KEGG: hsa04080","PPY_NPY5R"
"PPY","NPY6R","NPY","Secreted Signaling","KEGG: hsa04080","PPY_NPY6R"
"PPY","GPR83","NPY","Secreted Signaling","KEGG: hsa04080","PPY_GPR83"
"PYY","NPY1R","NPY","Secreted Signaling","KEGG: hsa04080","PYY_NPY1R"
"PYY","NPY2R","NPY","Secreted Signaling","KEGG: hsa04080","PYY_NPY2R"
"PYY","NPY4R","NPY","Secreted Signaling","KEGG: hsa04080","PYY_NPY4R"
"PYY","NPY5R","NPY","Secreted Signaling","KEGG: hsa04080","PYY_NPY5R"
"PYY","NPY6R","NPY","Secreted Signaling","KEGG: hsa04080","PYY_NPY6R"
"PYY","GPR83","NPY","Secreted Signaling","KEGG: hsa04080","PYY_GPR83"
"NPB","NPBWR1","NPW-B","Secreted Signaling","KEGG: hsa04080","NPB_NPBWR1"
"NPW","NPBWR1","NPW-B","Secreted Signaling","KEGG: hsa04080","NPW_NPBWR1"
"NTS","NTSR1","NTS","Secreted Signaling","KEGG: hsa04080","NTS_NTSR1"
"NTS","NTSR2","NTS","Secreted Signaling","KEGG: hsa04080","NTS_NTSR2"
"PDYN","OPRD1","OPIOID","Secreted Signaling","KEGG: hsa04080","PDYN_OPRD1"
"PDYN","OPRK1","OPIOID","Secreted Signaling","KEGG: hsa04080","PDYN_OPRK1"
"PDYN","OPRL1","OPIOID","Secreted Signaling","KEGG: hsa04080","PDYN_OPRL1"
"PDYN","OPRM1","OPIOID","Secreted Signaling","KEGG: hsa04080","PDYN_OPRM1"
"PENK","OPRD1","OPIOID","Secreted Signaling","KEGG: hsa04080","PENK_OPRD1"
"PENK","OPRK1","OPIOID","Secreted Signaling","KEGG: hsa04080","PENK_OPRK1"
"PENK","OPRL1","OPIOID","Secreted Signaling","KEGG: hsa04080","PENK_OPRL1"
"PENK","OPRM1","OPIOID","Secreted Signaling","KEGG: hsa04080","PENK_OPRM1"
"POMC","OPRD1","OPIOID","Secreted Signaling","KEGG: hsa04080","POMC_OPRD1"
"POMC","OPRK1","OPIOID","Secreted Signaling","KEGG: hsa04080","POMC_OPRK1"
"POMC","OPRL1","OPIOID","Secreted Signaling","KEGG: hsa04080","POMC_OPRL1"
"POMC","OPRM1","OPIOID","Secreted Signaling","KEGG: hsa04080","POMC_OPRM1"
"HCRT","HCRTR1","HCRT","Secreted Signaling","KEGG: hsa04080","HCRT_HCRTR1"
"HCRT","HCRTR2","HCRT","Secreted Signaling","KEGG: hsa04080","HCRT_HCRTR2"
"OXT","OXTR","OXT","Secreted Signaling","KEGG: hsa04080","OXT_OXTR"
"SST","SSTR1","SOMATOSTATIN","Secreted Signaling","KEGG: hsa04080","SST_SSTR1"
"SST","SSTR2","SOMATOSTATIN","Secreted Signaling","KEGG: hsa04080","SST_SSTR2"
"SST","SSTR3","SOMATOSTATIN","Secreted Signaling","KEGG: hsa04080","SST_SSTR3"
"SST","SSTR4","SOMATOSTATIN","Secreted Signaling","KEGG: hsa04080","SST_SSTR4"
"SST","SSTR5","SOMATOSTATIN","Secreted Signaling","KEGG: hsa04080","SST_SSTR5"
"CORT","SSTR1","SOMATOSTATIN","Secreted Signaling","KEGG: hsa04080","CORT_SSTR1"
"CORT","SSTR2","SOMATOSTATIN","Secreted Signaling","KEGG: hsa04080","CORT_SSTR2"
"CORT","SSTR3","SOMATOSTATIN","Secreted Signaling","KEGG: hsa04080","CORT_SSTR3"
"CORT","SSTR4","SOMATOSTATIN","Secreted Signaling","KEGG: hsa04080","CORT_SSTR4"
"CORT","SSTR5","SOMATOSTATIN","Secreted Signaling","KEGG: hsa04080","CORT_SSTR5"
"TAC1","TACR1","TAC","Secreted Signaling","KEGG: hsa04080","TAC1_TACR1"
"TAC4","TACR1","TAC","Secreted Signaling","KEGG: hsa04080","TAC4_TACR1"
"TAC1","TACR2","TAC","Secreted Signaling","KEGG: hsa04080","TAC1_TACR2"
"TAC3","TACR3","TAC","Secreted Signaling","KEGG: hsa04080","TAC3_TACR3"
"UTS2","UTS2R","UTS2","Secreted Signaling","KEGG: hsa04080","UTS2_UTS2R"
"AVP","AVPR2","AVP","Secreted Signaling","KEGG: hsa04080","AVP_AVPR2"
"AVP","AVPR1A","AVP","Secreted Signaling","KEGG: hsa04080","AVP_AVPR1A"
"AVP","AVPR1B","AVP","Secreted Signaling","KEGG: hsa04080","AVP_AVPR1B"
"PRLH","PRLHR","PRLH","Secreted Signaling","KEGG: hsa04080","PRLH_PRLHR"
"PRSS3","F2R","PARs","Secreted Signaling","KEGG: hsa04080","PRSS3_F2R"
"CTSG","F2R","PARs","Secreted Signaling","KEGG: hsa04080","CTSG_F2R"
"F2","F2R","PARs","Secreted Signaling","KEGG: hsa04080","F2_F2R"
"PLG","F2R","PARs","Secreted Signaling","KEGG: hsa04080","PLG_F2R"
"GZMA","F2R","PARs","Secreted Signaling","KEGG: hsa04080","GZMA_F2R"
"PRSS2","F2R","PARs","Secreted Signaling","KEGG: hsa04080","PRSS2_F2R"
"PRSS1","F2R","PARs","Secreted Signaling","KEGG: hsa04080","PRSS1_F2R"
"PRSS3","F2RL1","PARs","Secreted Signaling","KEGG: hsa04080","PRSS3_F2RL1"
"CTSG","F2RL1","PARs","Secreted Signaling","KEGG: hsa04080","CTSG_F2RL1"
"F2","F2RL1","PARs","Secreted Signaling","KEGG: hsa04080","F2_F2RL1"
"PLG","F2RL1","PARs","Secreted Signaling","KEGG: hsa04080","PLG_F2RL1"
"GZMA","F2RL1","PARs","Secreted Signaling","KEGG: hsa04080","GZMA_F2RL1"
"PRSS2","F2RL1","PARs","Secreted Signaling","KEGG: hsa04080","PRSS2_F2RL1"
"PRSS1","F2RL1","PARs","Secreted Signaling","KEGG: hsa04080","PRSS1_F2RL1"
"PRSS3","F2RL2","PARs","Secreted Signaling","KEGG: hsa04080","PRSS3_F2RL2"
"CTSG","F2RL2","PARs","Secreted Signaling","KEGG: hsa04080","CTSG_F2RL2"
"F2","F2RL2","PARs","Secreted Signaling","KEGG: hsa04080","F2_F2RL2"
"PLG","F2RL2","PARs","Secreted Signaling","KEGG: hsa04080","PLG_F2RL2"
"GZMA","F2RL2","PARs","Secreted Signaling","KEGG: hsa04080","GZMA_F2RL2"
"PRSS2","F2RL2","PARs","Secreted Signaling","KEGG: hsa04080","PRSS2_F2RL2"
"PRSS1","F2RL2","PARs","Secreted Signaling","KEGG: hsa04080","PRSS1_F2RL2"
"PRSS3","F2RL3","PARs","Secreted Signaling","KEGG: hsa04080","PRSS3_F2RL3"
"CTSG","F2RL3","PARs","Secreted Signaling","KEGG: hsa04080","CTSG_F2RL3"
"F2","F2RL3","PARs","Secreted Signaling","KEGG: hsa04080","F2_F2RL3"
"GZMA","F2RL3","PARs","Secreted Signaling","KEGG: hsa04080","GZMA_F2RL3"
"PLG","F2RL3","PARs","Secreted Signaling","KEGG: hsa04080","PLG_F2RL3"
"PRSS2","F2RL3","PARs","Secreted Signaling","KEGG: hsa04080","PRSS2_F2RL3"
"PRSS1","F2RL3","PARs","Secreted Signaling","KEGG: hsa04080","PRSS1_F2RL3"
"PRSS3","PARD3","PARs","Secreted Signaling","KEGG: hsa04080","PRSS3_PARD3"
"CTSG","PARD3","PARs","Secreted Signaling","KEGG: hsa04080","CTSG_PARD3"
"F2","PARD3","PARs","Secreted Signaling","KEGG: hsa04080","F2_PARD3"
"GZMA","PARD3","PARs","Secreted Signaling","KEGG: hsa04080","GZMA_PARD3"
"PLG","PARD3","PARs","Secreted Signaling","KEGG: hsa04080","PLG_PARD3"
"PRSS2","PARD3","PARs","Secreted Signaling","KEGG: hsa04080","PRSS2_PARD3"
"PRSS1","PARD3","PARs","Secreted Signaling","KEGG: hsa04080","PRSS1_PARD3"
"PMCH","MCHR1","PMCH","Secreted Signaling","KEGG: hsa04080","PMCH_MCHR1"
"PROK1","PROKR2","PROK","Secreted Signaling","PMID: 24496457","PROK1_PROKR2"
"PROK1","PROKR1","PROK","Secreted Signaling","PMID: 24496457","PROK1_PROKR1"
"PROK2","PROKR1","PROK","Secreted Signaling","PMID: 24496457","PROK2_PROKR1"
"PROK2","PROKR2","PROK","Secreted Signaling","PMID: 24496457","PROK2_PROKR2"
"ADCYAP1","ADCYAP1R1","PACAP","Secreted Signaling","PMID: 21350482","ADCYAP1_ADCYAP1R1"
"VIP","VIPR1","VIP","Secreted Signaling","PMID: 10655512","VIP_VIPR1"
"VIP","VIPR2","VIP","Secreted Signaling","KEGG: hsa04080","VIP_VIPR2"
"NPPA","NPR1","NPR1","Secreted Signaling","KEGG: hsa04080; PMID: 29934640","NPPA_NPR1"
"NPPB","NPR1","NPR1","Secreted Signaling","KEGG: hsa04080; PMID: 29934641","NPPB_NPR1"
"NPPC","NPR2","NPR2","Secreted Signaling","KEGG: hsa04080; PMID: 29934642","NPPC_NPR2"
"KITLG","KIT","KIT","Secreted Signaling","KEGG: hsa04080","KITLG_KIT"
"GCG","GIPR","GIPR","Secreted Signaling","KEGG: hsa04080","GCG_GIPR"
"GIP","GIPR","GIPR","Secreted Signaling","KEGG: hsa04080","GIP_GIPR"
"FSHB","FSHR","FSH","Secreted Signaling","KEGG: hsa04080","FSHB_FSHR"
"CGA","FSHR","FSH","Secreted Signaling","KEGG: hsa04080","CGA_FSHR"
"LHB","LHCGR","LHB","Secreted Signaling","KEGG: hsa04080","LHB_LHCGR"
"CGA","LHCGR","LHB","Secreted Signaling","KEGG: hsa04080","CGA_LHCGR"
"TSHB","TSHR","TSH","Secreted Signaling","KEGG: hsa04080","TSHB_TSHR"
"CGA","TSHR","TSH","Secreted Signaling","KEGG: hsa04080","CGA_TSHR"
"BDNF","NTRK2","NT","Secreted Signaling","PMID: 27908981","BDNF_NTRK2"
"NGF","NTRK1","NT","Secreted Signaling","PMID: 27908981","NGF_NTRK1"
"FLT3LG","FLT3","FLT3","Secreted Signaling","PMID: 25992210","FLT3LG_FLT3"
"HGF","MET","HGF","Secreted Signaling","PMID: 28475121","HGF_MET"
"KLK3","NTRK1","NT","Secreted Signaling","PMID: 27908981","KLK3_NTRK1"
"NTF3","NTRK1","NT","Secreted Signaling","PMID: 27908981","NTF3_NTRK1"
"NTF3","NTRK2","NT","Secreted Signaling","PMID: 27908981","NTF3_NTRK2"
"NTF3","NTRK3","NT","Secreted Signaling","PMID: 27908981","NTF3_NTRK3"
"NTF4","NTRK2","NT","Secreted Signaling","PMID: 27908981","NTF4_NTRK2"
"SEMA3A","NRP1_PLXNA1","SEMA3","Secreted Signaling","PMID: 27533782","SEMA3A_NRP1_PLXNA1"
"SEMA3A","NRP1_PLXNA2","SEMA3","Secreted Signaling","PMID: 27533782","SEMA3A_NRP1_PLXNA2"
"SEMA3A","NRP1_PLXNA3","SEMA3","Secreted Signaling","PMID: 27533782","SEMA3A_NRP1_PLXNA3"
"SEMA3A","NRP1_PLXNA4","SEMA3","Secreted Signaling","PMID: 27533782","SEMA3A_NRP1_PLXNA4"
"SEMA3B","NRP1_PLXNA1","SEMA3","Secreted Signaling","PMID: 27533782","SEMA3B_NRP1_PLXNA1"
"SEMA3B","NRP1_PLXNA2","SEMA3","Secreted Signaling","PMID: 27533782","SEMA3B_NRP1_PLXNA2"
"SEMA3B","NRP1_PLXNA3","SEMA3","Secreted Signaling","PMID: 27533782","SEMA3B_NRP1_PLXNA3"
"SEMA3B","NRP1_PLXNA4","SEMA3","Secreted Signaling","PMID: 27533782","SEMA3B_NRP1_PLXNA4"
"SEMA3C","NRP1_PLXNA1","SEMA3","Secreted Signaling","PMID: 27533782","SEMA3C_NRP1_PLXNA1"
"SEMA3C","NRP1_PLXNA2","SEMA3","Secreted Signaling","PMID: 27533782","SEMA3C_NRP1_PLXNA2"
"SEMA3C","NRP1_PLXNA3","SEMA3","Secreted Signaling","PMID: 27533782","SEMA3C_NRP1_PLXNA3"
"SEMA3C","NRP1_PLXNA4","SEMA3","Secreted Signaling","PMID: 27533782","SEMA3C_NRP1_PLXNA4"
"SEMA3D","NRP1_PLXNA1","SEMA3","Secreted Signaling","PMID: 27533782","SEMA3D_NRP1_PLXNA1"
"SEMA3D","NRP1_PLXNA2","SEMA3","Secreted Signaling","PMID: 27533782","SEMA3D_NRP1_PLXNA2"
"SEMA3D","NRP1_PLXNA3","SEMA3","Secreted Signaling","PMID: 27533782","SEMA3D_NRP1_PLXNA3"
"SEMA3D","NRP1_PLXNA4","SEMA3","Secreted Signaling","PMID: 27533782","SEMA3D_NRP1_PLXNA4"
"SEMA3B","NRP2_PLXNA1","SEMA3","Secreted Signaling","PMID: 27533782","SEMA3B_NRP2_PLXNA1"
"SEMA3B","NRP2_PLXNA2","SEMA3","Secreted Signaling","PMID: 27533782","SEMA3B_NRP2_PLXNA2"
"SEMA3B","NRP2_PLXNA3","SEMA3","Secreted Signaling","PMID: 27533782","SEMA3B_NRP2_PLXNA3"
"SEMA3B","NRP2_PLXNA4","SEMA3","Secreted Signaling","PMID: 27533782","SEMA3B_NRP2_PLXNA4"
"SEMA3C","NRP2_PLXNA1","SEMA3","Secreted Signaling","PMID: 27533782","SEMA3C_NRP2_PLXNA1"
"SEMA3C","NRP2_PLXNA2","SEMA3","Secreted Signaling","PMID: 27533782","SEMA3C_NRP2_PLXNA2"
"SEMA3C","NRP2_PLXNA3","SEMA3","Secreted Signaling","PMID: 27533782","SEMA3C_NRP2_PLXNA3"
"SEMA3C","NRP2_PLXNA4","SEMA3","Secreted Signaling","PMID: 27533782","SEMA3C_NRP2_PLXNA4"
"SEMA3D","NRP2_PLXNA1","SEMA3","Secreted Signaling","PMID: 27533782","SEMA3D_NRP2_PLXNA1"
"SEMA3D","NRP2_PLXNA2","SEMA3","Secreted Signaling","PMID: 27533782","SEMA3D_NRP2_PLXNA2"
"SEMA3D","NRP2_PLXNA3","SEMA3","Secreted Signaling","PMID: 27533782","SEMA3D_NRP2_PLXNA3"
"SEMA3D","NRP2_PLXNA4","SEMA3","Secreted Signaling","PMID: 27533782","SEMA3D_NRP2_PLXNA4"
"SEMA3F","NRP2_PLXNA1","SEMA3","Secreted Signaling","PMID: 27533782","SEMA3F_NRP2_PLXNA1"
"SEMA3F","NRP2_PLXNA2","SEMA3","Secreted Signaling","PMID: 27533782","SEMA3F_NRP2_PLXNA2"
"SEMA3F","NRP2_PLXNA3","SEMA3","Secreted Signaling","PMID: 27533782","SEMA3F_NRP2_PLXNA3"
"SEMA3F","NRP2_PLXNA4","SEMA3","Secreted Signaling","PMID: 27533782","SEMA3F_NRP2_PLXNA4"
"SEMA3G","NRP2_PLXNA1","SEMA3","Secreted Signaling","PMID: 27533782","SEMA3G_NRP2_PLXNA1"
"SEMA3G","NRP2_PLXNA2","SEMA3","Secreted Signaling","PMID: 27533782","SEMA3G_NRP2_PLXNA2"
"SEMA3G","NRP2_PLXNA3","SEMA3","Secreted Signaling","PMID: 27533782","SEMA3G_NRP2_PLXNA3"
"SEMA3G","NRP2_PLXNA4","SEMA3","Secreted Signaling","PMID: 27533782","SEMA3G_NRP2_PLXNA4"
"SEMA3C","NRP1_NRP2","SEMA3","Secreted Signaling","PMID: 27533782","SEMA3C_NRP1_NRP2"
"SEMA3C","PLXND1","SEMA3","Secreted Signaling","PMID: 27533782","SEMA3C_PLXND1"
"SEMA3E","PLXND1","SEMA3","Secreted Signaling","PMID: 22325954","SEMA3E_PLXND1"
"ADM","CALCR","CALCR","Secreted Signaling","KEGG: hsa04080","ADM_CALCR"
"ADM","CALCRL","CALCR","Secreted Signaling","KEGG: hsa04080","ADM_CALCRL"
"AGT","MAS1","AGT","Secreted Signaling","KEGG: hsa04080","AGT_MAS1"
"ANXA1","FPR2","ANNEXIN","Secreted Signaling","PMID: 23230437","ANXA1_FPR2"
"ANXA1","FPR1","ANNEXIN","Secreted Signaling","PMID: 23230437","ANXA1_FPR1"
"APELA","APLNR","APJ","Secreted Signaling","PMID: 25995451","APELA_APLNR"
"CALCA","CALCR","CALCR","Secreted Signaling","KEGG: hsa04080","CALCA_CALCR"
"CALCA","CALCRL","CALCR","Secreted Signaling","KEGG: hsa04080","CALCA_CALCRL"
"CALCB","CALCR","CALCR","Secreted Signaling","KEGG: hsa04080","CALCB_CALCR"
"CALCB","CALCRL","CALCR","Secreted Signaling","KEGG: hsa04080","CALCB_CALCRL"
"CRH","CRHR1","CRH","Secreted Signaling","KEGG: hsa04080","CRH_CRHR1"
"CRH","CRHR2","CRH","Secreted Signaling","KEGG: hsa04080","CRH_CRHR2"
"ENHO","GPR19","ENHO","Secreted Signaling","PMID: 28476646","ENHO_GPR19"
"GAS6","AXL","GAS","Secreted Signaling","PMID: 27801848","GAS6_AXL"
"GAS6","MERTK","GAS","Secreted Signaling","PMID: 27801848","GAS6_MERTK"
"GAS6","TYRO3","GAS","Secreted Signaling","PMID: 27801848","GAS6_TYRO3"
"GCG","GCGR","GCG","Secreted Signaling","KEGG: hsa04080","GCG_GCGR"
"GCG","GLP1R","GCG","Secreted Signaling","KEGG: hsa04080","GCG_GLP1R"
"GCG","GLP2R","GCG","Secreted Signaling","KEGG: hsa04080","GCG_GLP2R"
"GH1","GHR","GH","Secreted Signaling","PMID: 10551877","GH1_GHR"
"GH1","PRLR","GH","Secreted Signaling","PMID: 23192981","GH1_PRLR"
"GHRH","VIPR1","GHRH","Secreted Signaling","PMID: 10655511","GHRH_VIPR1"
"GHRH","VIPR2","GHRH","Secreted Signaling","PMID: 10655511","GHRH_VIPR2"
"GHRH","GHSR","GHRH","Secreted Signaling","PMID: 19088192","GHRH_GHSR"
"GHRH","GHRHR","GHRH","Secreted Signaling","PMID: 26917260","GHRH_GHRHR"
"GNRH1","GNRHR","GNRH","Secreted Signaling","PMID: 19640273","GNRH1_GNRHR"
"GRN","SORT1","GRN","Secreted Signaling","PMID: 29555433","GRN_SORT1"
"GUCA2A","GUCY2C","GUCA","Secreted Signaling","PMID: 22384056","GUCA2A_GUCY2C"
"GUCA2B","GUCY2C","GUCA","Secreted Signaling","PMID: 22384056","GUCA2B_GUCY2C"
"IAPP","CALCR","CALCR","Secreted Signaling","KEGG: hsa04080","IAPP_CALCR"
"IAPP","CALCRL","CALCR","Secreted Signaling","KEGG: hsa04080","IAPP_CALCRL"
"INSL3","RXFP2","RLN","Secreted Signaling","KEGG: hsa04080","INSL3_RXFP2"
"INSL3","RXFP1","RLN","Secreted Signaling","KEGG: hsa04080","INSL3_RXFP1"
"INSL3","RXFP4","RLN","Secreted Signaling","KEGG: hsa04080","INSL3_RXFP4"
"INSL3","RXFP3","RLN","Secreted Signaling","KEGG: hsa04080","INSL3_RXFP3"
"INSL5","RXFP4","RLN","Secreted Signaling","KEGG: hsa04080","INSL5_RXFP4"
"INSL5","RXFP3","RLN","Secreted Signaling","KEGG: hsa04080","INSL5_RXFP3"
"INSL5","RXFP2","RLN","Secreted Signaling","KEGG: hsa04080","INSL5_RXFP2"
"INSL5","RXFP1","RLN","Secreted Signaling","KEGG: hsa04080","INSL5_RXFP1"
"LEP","LEPR","LEP","Secreted Signaling","KEGG: hsa04080","LEP_LEPR"
"LGALS9","PTPRC","GALECTIN","Secreted Signaling","PMID: 30120235","LGALS9_PTPRC"
"NPS","NPSR1","NPS","Secreted Signaling","PMID: 19732772","NPS_NPSR1"
"NPVF","NPFFR1","NPVF","Secreted Signaling","PMID: 29106375","NPVF_NPFFR1"
"NPVF","NPFFR2","NPVF","Secreted Signaling","PMID: 29106375","NPVF_NPFFR2"
"OSTN","NPR3","OSTN","Secreted Signaling","PMID: 29326144","OSTN_NPR3"
"PMCH","MERTK","PMCH","Secreted Signaling","PMID: 30501104","PMCH_MERTK"
"PROS1","AXL","PROS","Secreted Signaling","PMID: 29531161","PROS1_AXL"
"PROS1","TYRO3","PROS","Secreted Signaling","PMID: 30501104","PROS1_TYRO3"
"PSAP","GPR37L1","PSAP","Secreted Signaling","PMID: 23690594","PSAP_GPR37L1"
"PSAP","GPR37","PSAP","Secreted Signaling","PMID: 23690594","PSAP_GPR37"
"PTH","PTH1R","PTH","Secreted Signaling","KEGG: hsa04080","PTH_PTH1R"
"PTH","PTH2R","PTH","Secreted Signaling","KEGG: hsa04080","PTH_PTH2R"
"PTH2","PTH1R","PTH","Secreted Signaling","KEGG: hsa04080","PTH2_PTH1R"
"PTH2","PTH2R","PTH","Secreted Signaling","KEGG: hsa04080","PTH2_PTH2R"
"PTHLH","PTH1R","PTH","Secreted Signaling","PMID: 29577935","PTHLH_PTH1R"
"QRFP","QRFPR","QRFP","Secreted Signaling","PMID: 25386115","QRFP_QRFPR"
"RARRES2","GPR1","CHEMERIN","Secreted Signaling","PMID: 24671882","RARRES2_GPR1"
"RARRES2","CMKLR1","CHEMERIN","Secreted Signaling","PMID: 24671882","RARRES2_CMKLR1"
"RLN1","RXFP2","RLN","Secreted Signaling","KEGG: hsa04080","RLN1_RXFP2"
"RLN1","RXFP1","RLN","Secreted Signaling","KEGG: hsa04080","RLN1_RXFP1"
"RLN1","RXFP3","RLN","Secreted Signaling","KEGG: hsa04080","RLN1_RXFP3"
"RLN1","RXFP4","RLN","Secreted Signaling","KEGG: hsa04080","RLN1_RXFP4"
"RLN3","RXFP3","RLN","Secreted Signaling","KEGG: hsa04080","RLN3_RXFP3"
"RLN3","RXFP1","RLN","Secreted Signaling","KEGG: hsa04080","RLN3_RXFP1"
"RLN3","RXFP4","RLN","Secreted Signaling","KEGG: hsa04080","RLN3_RXFP4"
"RLN3","RXFP2","RLN","Secreted Signaling","KEGG: hsa04080","RLN3_RXFP2"
"SAA1","FPR2","SAA","Secreted Signaling","PMID: 22610094","SAA1_FPR2"
"SCGB3A2","MARCO","UGRP1","Secreted Signaling","PMID: 12847263","SCGB3A2_MARCO"
"SCT","SCTR","SCT","Secreted Signaling","KEGG: hsa04080","SCT_SCTR"
"SLURP1","CHRNB1","SLURP","Secreted Signaling","KEGG: hsa04080","SLURP1_CHRNB1"
"SLURP1","CHRNB2","SLURP","Secreted Signaling","KEGG: hsa04080","SLURP1_CHRNB2"
"SLURP1","CHRNB3","SLURP","Secreted Signaling","KEGG: hsa04080","SLURP1_CHRNB3"
"SLURP1","CHRNB4","SLURP","Secreted Signaling","KEGG: hsa04080","SLURP1_CHRNB4"
"SLURP1","CHRNA1","SLURP","Secreted Signaling","KEGG: hsa04080","SLURP1_CHRNA1"
"SLURP1","CHRNA2","SLURP","Secreted Signaling","KEGG: hsa04080","SLURP1_CHRNA2"
"SLURP1","CHRNA3","SLURP","Secreted Signaling","KEGG: hsa04080","SLURP1_CHRNA3"
"SLURP1","CHRNA4","SLURP","Secreted Signaling","KEGG: hsa04080","SLURP1_CHRNA4"
"SLURP1","CHRNA5","SLURP","Secreted Signaling","KEGG: hsa04080","SLURP1_CHRNA5"
"SLURP1","CHRNA6","SLURP","Secreted Signaling","KEGG: hsa04080","SLURP1_CHRNA6"
"SLURP1","CHRNA9","SLURP","Secreted Signaling","KEGG: hsa04080","SLURP1_CHRNA9"
"SLURP1","CHRNA10","SLURP","Secreted Signaling","KEGG: hsa04080","SLURP1_CHRNA10"
"SLURP1","CHRND","SLURP","Secreted Signaling","KEGG: hsa04080","SLURP1_CHRND"
"SLURP1","CHRNE","SLURP","Secreted Signaling","KEGG: hsa04080","SLURP1_CHRNE"
"SLURP1","CHRNG","SLURP","Secreted Signaling","KEGG: hsa04080","SLURP1_CHRNG"
"SLURP1","CHRNA7","SLURP","Secreted Signaling","KEGG: hsa04080; PMID: 29545933;","SLURP1_CHRNA7"
"SLURP2","CHRNB1","SLURP","Secreted Signaling","KEGG: hsa04080","SLURP2_CHRNB1"
"SLURP2","CHRNB2","SLURP","Secreted Signaling","KEGG: hsa04080","SLURP2_CHRNB2"
"SLURP2","CHRNB3","SLURP","Secreted Signaling","KEGG: hsa04080","SLURP2_CHRNB3"
"SLURP2","CHRNB4","SLURP","Secreted Signaling","KEGG: hsa04080","SLURP2_CHRNB4"
"SLURP2","CHRNA1","SLURP","Secreted Signaling","KEGG: hsa04080","SLURP2_CHRNA1"
"SLURP2","CHRNA2","SLURP","Secreted Signaling","KEGG: hsa04080","SLURP2_CHRNA2"
"SLURP2","CHRNA3","SLURP","Secreted Signaling","KEGG: hsa04080","SLURP2_CHRNA3"
"SLURP2","CHRNA4","SLURP","Secreted Signaling","KEGG: hsa04080","SLURP2_CHRNA4"
"SLURP2","CHRNA5","SLURP","Secreted Signaling","KEGG: hsa04080","SLURP2_CHRNA5"
"SLURP2","CHRNA6","SLURP","Secreted Signaling","KEGG: hsa04080","SLURP2_CHRNA6"
"SLURP2","CHRNA7","SLURP","Secreted Signaling","KEGG: hsa04080","SLURP2_CHRNA7"
"SLURP2","CHRNA9","SLURP","Secreted Signaling","KEGG: hsa04080","SLURP2_CHRNA9"
"SLURP2","CHRNA10","SLURP","Secreted Signaling","KEGG: hsa04080","SLURP2_CHRNA10"
"SLURP2","CHRND","SLURP","Secreted Signaling","KEGG: hsa04080","SLURP2_CHRND"
"SLURP2","CHRNE","SLURP","Secreted Signaling","KEGG: hsa04080","SLURP2_CHRNE"
"SLURP2","CHRNG","SLURP","Secreted Signaling","KEGG: hsa04080","SLURP2_CHRNG"
"BTLA","TNFRSF14","BTLA","Secreted Signaling","PMID: 21941365","BTLA_TNFRSF14"
"TRH","TRHR","TRH","Secreted Signaling","KEGG: hsa04080","TRH_TRHR"
"UCN","CRHR1","UCN","Secreted Signaling","KEGG: hsa04080","UCN_CRHR1"
"UCN","CRHR2","UCN","Secreted Signaling","KEGG: hsa04080","UCN_CRHR2"
"UCN2","CRHR1","UCN","Secreted Signaling","KEGG: hsa04080","UCN2_CRHR1"
"UCN2","CRHR2","UCN","Secreted Signaling","KEGG: hsa04080","UCN2_CRHR2"
"UCN3","CRHR1","UCN","Secreted Signaling","KEGG: hsa04080","UCN3_CRHR1"
"UCN3","CRHR2","UCN","Secreted Signaling","KEGG: hsa04080","UCN3_CRHR2"
"UTS2B","UTS2R","UROTENSIN","Secreted Signaling","PMID: 31556942","UTS2B_UTS2R"
"UTS2B","SSTR5","UROTENSIN","Secreted Signaling","PMID: 31556942","UTS2B_SSTR5"
"BAG6","NCR3","BAG","Secreted Signaling","PMID: 30021652","BAG6_NCR3"
"LGALS9","HAVCR2","GALECTIN","Secreted Signaling","PMID: 27192565","LGALS9_HAVCR2"
"LGALS9","CD44","GALECTIN","Secreted Signaling","PMID: 25065622","LGALS9_CD44"
"COL1A1","ITGA1_ITGB1","COLLAGEN","ECM-Receptor","KEGG: hsa04512","COL1A1_ITGA1_ITGB1"
"COL1A2","ITGA1_ITGB1","COLLAGEN","ECM-Receptor","KEGG: hsa04512","COL1A2_ITGA1_ITGB1"
"COL2A1","ITGA1_ITGB1","COLLAGEN","ECM-Receptor","KEGG: hsa04512","COL2A1_ITGA1_ITGB1"
"COL4A1","ITGA1_ITGB1","COLLAGEN","ECM-Receptor","KEGG: hsa04512","COL4A1_ITGA1_ITGB1"
"COL4A2","ITGA1_ITGB1","COLLAGEN","ECM-Receptor","KEGG: hsa04512","COL4A2_ITGA1_ITGB1"
"COL4A3","ITGA1_ITGB1","COLLAGEN","ECM-Receptor","KEGG: hsa04512","COL4A3_ITGA1_ITGB1"
"COL4A4","ITGA1_ITGB1","COLLAGEN","ECM-Receptor","KEGG: hsa04512","COL4A4_ITGA1_ITGB1"
"COL4A5","ITGA1_ITGB1","COLLAGEN","ECM-Receptor","KEGG: hsa04512","COL4A5_ITGA1_ITGB1"
"COL4A6","ITGA1_ITGB1","COLLAGEN","ECM-Receptor","KEGG: hsa04512","COL4A6_ITGA1_ITGB1"
"COL6A1","ITGA1_ITGB1","COLLAGEN","ECM-Receptor","KEGG: hsa04512","COL6A1_ITGA1_ITGB1"
"COL6A2","ITGA1_ITGB1","COLLAGEN","ECM-Receptor","KEGG: hsa04512","COL6A2_ITGA1_ITGB1"
"COL6A3","ITGA1_ITGB1","COLLAGEN","ECM-Receptor","KEGG: hsa04512","COL6A3_ITGA1_ITGB1"
"COL6A5","ITGA1_ITGB1","COLLAGEN","ECM-Receptor","KEGG: hsa04512","COL6A5_ITGA1_ITGB1"
"COL6A6","ITGA1_ITGB1","COLLAGEN","ECM-Receptor","KEGG: hsa04512","COL6A6_ITGA1_ITGB1"
"COL9A1","ITGA1_ITGB1","COLLAGEN","ECM-Receptor","KEGG: hsa04512","COL9A1_ITGA1_ITGB1"
"COL9A2","ITGA1_ITGB1","COLLAGEN","ECM-Receptor","KEGG: hsa04512","COL9A2_ITGA1_ITGB1"
"COL9A3","ITGA1_ITGB1","COLLAGEN","ECM-Receptor","KEGG: hsa04512","COL9A3_ITGA1_ITGB1"
"COL1A1","ITGA2_ITGB1","COLLAGEN","ECM-Receptor","KEGG: hsa04512","COL1A1_ITGA2_ITGB1"
"COL1A2","ITGA2_ITGB1","COLLAGEN","ECM-Receptor","KEGG: hsa04512","COL1A2_ITGA2_ITGB1"
"COL2A1","ITGA2_ITGB1","COLLAGEN","ECM-Receptor","KEGG: hsa04512","COL2A1_ITGA2_ITGB1"
"COL4A1","ITGA2_ITGB1","COLLAGEN","ECM-Receptor","KEGG: hsa04512","COL4A1_ITGA2_ITGB1"
"COL4A2","ITGA2_ITGB1","COLLAGEN","ECM-Receptor","KEGG: hsa04512","COL4A2_ITGA2_ITGB1"
"COL4A3","ITGA2_ITGB1","COLLAGEN","ECM-Receptor","KEGG: hsa04512","COL4A3_ITGA2_ITGB1"
"COL4A4","ITGA2_ITGB1","COLLAGEN","ECM-Receptor","KEGG: hsa04512","COL4A4_ITGA2_ITGB1"
"COL4A5","ITGA2_ITGB1","COLLAGEN","ECM-Receptor","KEGG: hsa04512","COL4A5_ITGA2_ITGB1"
"COL4A6","ITGA2_ITGB1","COLLAGEN","ECM-Receptor","KEGG: hsa04512","COL4A6_ITGA2_ITGB1"
"COL6A1","ITGA2_ITGB1","COLLAGEN","ECM-Receptor","KEGG: hsa04512","COL6A1_ITGA2_ITGB1"
"COL6A2","ITGA2_ITGB1","COLLAGEN","ECM-Receptor","KEGG: hsa04512","COL6A2_ITGA2_ITGB1"
"COL6A3","ITGA2_ITGB1","COLLAGEN","ECM-Receptor","KEGG: hsa04512","COL6A3_ITGA2_ITGB1"
"COL6A5","ITGA2_ITGB1","COLLAGEN","ECM-Receptor","KEGG: hsa04512","COL6A5_ITGA2_ITGB1"
"COL6A6","ITGA2_ITGB1","COLLAGEN","ECM-Receptor","KEGG: hsa04512","COL6A6_ITGA2_ITGB1"
"COL9A1","ITGA2_ITGB1","COLLAGEN","ECM-Receptor","KEGG: hsa04512","COL9A1_ITGA2_ITGB1"
"COL9A2","ITGA2_ITGB1","COLLAGEN","ECM-Receptor","KEGG: hsa04512","COL9A2_ITGA2_ITGB1"
"COL9A3","ITGA2_ITGB1","COLLAGEN","ECM-Receptor","KEGG: hsa04512","COL9A3_ITGA2_ITGB1"
"FN1","ITGA3_ITGB1","FN1","ECM-Receptor","KEGG: hsa04512","FN1_ITGA3_ITGB1"
"FN1","ITGA4_ITGB1","FN1","ECM-Receptor","KEGG: hsa04512","FN1_ITGA4_ITGB1"
"FN1","ITGA5_ITGB1","FN1","ECM-Receptor","KEGG: hsa04512","FN1_ITGA5_ITGB1"
"FN1","ITGA8_ITGB1","FN1","ECM-Receptor","KEGG: hsa04512","FN1_ITGA8_ITGB1"
"LAMA1","ITGA1_ITGB1","LAMININ","ECM-Receptor","KEGG: hsa04512","LAMA1_ITGA1_ITGB1"
"LAMA2","ITGA1_ITGB1","LAMININ","ECM-Receptor","KEGG: hsa04512","LAMA2_ITGA1_ITGB1"
"LAMA3","ITGA1_ITGB1","LAMININ","ECM-Receptor","KEGG: hsa04512","LAMA3_ITGA1_ITGB1"
"LAMA4","ITGA1_ITGB1","LAMININ","ECM-Receptor","KEGG: hsa04512","LAMA4_ITGA1_ITGB1"
"LAMA5","ITGA1_ITGB1","LAMININ","ECM-Receptor","KEGG: hsa04512","LAMA5_ITGA1_ITGB1"
"LAMB1","ITGA1_ITGB1","LAMININ","ECM-Receptor","KEGG: hsa04512","LAMB1_ITGA1_ITGB1"
"LAMB2","ITGA1_ITGB1","LAMININ","ECM-Receptor","KEGG: hsa04512","LAMB2_ITGA1_ITGB1"
"LAMB3","ITGA1_ITGB1","LAMININ","ECM-Receptor","KEGG: hsa04512","LAMB3_ITGA1_ITGB1"
"LAMC1","ITGA1_ITGB1","LAMININ","ECM-Receptor","KEGG: hsa04512","LAMC1_ITGA1_ITGB1"
"LAMC2","ITGA1_ITGB1","LAMININ","ECM-Receptor","KEGG: hsa04512","LAMC2_ITGA1_ITGB1"
"LAMC3","ITGA1_ITGB1","LAMININ","ECM-Receptor","KEGG: hsa04512","LAMC3_ITGA1_ITGB1"
"LAMA1","ITGA2_ITGB1","LAMININ","ECM-Receptor","KEGG: hsa04512","LAMA1_ITGA2_ITGB1"
"LAMA2","ITGA2_ITGB1","LAMININ","ECM-Receptor","KEGG: hsa04512","LAMA2_ITGA2_ITGB1"
"LAMA3","ITGA2_ITGB1","LAMININ","ECM-Receptor","KEGG: hsa04512","LAMA3_ITGA2_ITGB1"
"LAMA4","ITGA2_ITGB1","LAMININ","ECM-Receptor","KEGG: hsa04512","LAMA4_ITGA2_ITGB1"
"LAMA5","ITGA2_ITGB1","LAMININ","ECM-Receptor","KEGG: hsa04512","LAMA5_ITGA2_ITGB1"
"LAMB1","ITGA2_ITGB1","LAMININ","ECM-Receptor","KEGG: hsa04512","LAMB1_ITGA2_ITGB1"
"LAMB2","ITGA2_ITGB1","LAMININ","ECM-Receptor","KEGG: hsa04512","LAMB2_ITGA2_ITGB1"
"LAMB3","ITGA2_ITGB1","LAMININ","ECM-Receptor","KEGG: hsa04512","LAMB3_ITGA2_ITGB1"
"LAMC1","ITGA2_ITGB1","LAMININ","ECM-Receptor","KEGG: hsa04512","LAMC1_ITGA2_ITGB1"
"LAMC2","ITGA2_ITGB1","LAMININ","ECM-Receptor","KEGG: hsa04512","LAMC2_ITGA2_ITGB1"
"LAMC3","ITGA2_ITGB1","LAMININ","ECM-Receptor","KEGG: hsa04512","LAMC3_ITGA2_ITGB1"
"CHAD","ITGA2_ITGB1","CHAD","ECM-Receptor","KEGG: hsa04512","CHAD_ITGA2_ITGB1"
"LAMA1","ITGA3_ITGB1","LAMININ","ECM-Receptor","KEGG: hsa04512","LAMA1_ITGA3_ITGB1"
"LAMA2","ITGA3_ITGB1","LAMININ","ECM-Receptor","KEGG: hsa04512","LAMA2_ITGA3_ITGB1"
"LAMA3","ITGA3_ITGB1","LAMININ","ECM-Receptor","KEGG: hsa04512","LAMA3_ITGA3_ITGB1"
"LAMA4","ITGA3_ITGB1","LAMININ","ECM-Receptor","KEGG: hsa04512","LAMA4_ITGA3_ITGB1"
"LAMA5","ITGA3_ITGB1","LAMININ","ECM-Receptor","KEGG: hsa04512","LAMA5_ITGA3_ITGB1"
"LAMB1","ITGA3_ITGB1","LAMININ","ECM-Receptor","KEGG: hsa04512","LAMB1_ITGA3_ITGB1"
"LAMB2","ITGA3_ITGB1","LAMININ","ECM-Receptor","KEGG: hsa04512","LAMB2_ITGA3_ITGB1"
"LAMB3","ITGA3_ITGB1","LAMININ","ECM-Receptor","KEGG: hsa04512","LAMB3_ITGA3_ITGB1"
"LAMC1","ITGA3_ITGB1","LAMININ","ECM-Receptor","KEGG: hsa04512","LAMC1_ITGA3_ITGB1"
"LAMC2","ITGA3_ITGB1","LAMININ","ECM-Receptor","KEGG: hsa04512","LAMC2_ITGA3_ITGB1"
"LAMC3","ITGA3_ITGB1","LAMININ","ECM-Receptor","KEGG: hsa04512","LAMC3_ITGA3_ITGB1"
"RELN","ITGA3_ITGB1","RELN","ECM-Receptor","KEGG: hsa04512","RELN_ITGA3_ITGB1"
"THBS1","ITGA3_ITGB1","THBS","ECM-Receptor","KEGG: hsa04512","THBS1_ITGA3_ITGB1"
"THBS2","ITGA3_ITGB1","THBS","ECM-Receptor","KEGG: hsa04512","THBS2_ITGA3_ITGB1"
"THBS3","ITGA3_ITGB1","THBS","ECM-Receptor","KEGG: hsa04512","THBS3_ITGA3_ITGB1"
"THBS4","ITGA3_ITGB1","THBS","ECM-Receptor","KEGG: hsa04512","THBS4_ITGA3_ITGB1"
"COMP","ITGA3_ITGB1","THBS","ECM-Receptor","KEGG: hsa04512","COMP_ITGA3_ITGB1"
"COL1A1","ITGA3_ITGB1","COLLAGEN","ECM-Receptor","KEGG: hsa04512","COL1A1_ITGA3_ITGB1"
"COL1A2","ITGA3_ITGB1","COLLAGEN","ECM-Receptor","KEGG: hsa04512","COL1A2_ITGA3_ITGB1"
"COL2A1","ITGA3_ITGB1","COLLAGEN","ECM-Receptor","KEGG: hsa04512","COL2A1_ITGA3_ITGB1"
"COL4A1","ITGA3_ITGB1","COLLAGEN","ECM-Receptor","KEGG: hsa04512","COL4A1_ITGA3_ITGB1"
"COL4A2","ITGA3_ITGB1","COLLAGEN","ECM-Receptor","KEGG: hsa04512","COL4A2_ITGA3_ITGB1"
"COL4A3","ITGA3_ITGB1","COLLAGEN","ECM-Receptor","KEGG: hsa04512","COL4A3_ITGA3_ITGB1"
"COL4A4","ITGA3_ITGB1","COLLAGEN","ECM-Receptor","KEGG: hsa04512","COL4A4_ITGA3_ITGB1"
"COL4A5","ITGA3_ITGB1","COLLAGEN","ECM-Receptor","KEGG: hsa04512","COL4A5_ITGA3_ITGB1"
"COL4A6","ITGA3_ITGB1","COLLAGEN","ECM-Receptor","KEGG: hsa04512","COL4A6_ITGA3_ITGB1"
"COL6A1","ITGA3_ITGB1","COLLAGEN","ECM-Receptor","KEGG: hsa04512","COL6A1_ITGA3_ITGB1"
"COL6A2","ITGA3_ITGB1","COLLAGEN","ECM-Receptor","KEGG: hsa04512","COL6A2_ITGA3_ITGB1"
"COL6A3","ITGA3_ITGB1","COLLAGEN","ECM-Receptor","KEGG: hsa04512","COL6A3_ITGA3_ITGB1"
"COL6A5","ITGA3_ITGB1","COLLAGEN","ECM-Receptor","KEGG: hsa04512","COL6A5_ITGA3_ITGB1"
"COL6A6","ITGA3_ITGB1","COLLAGEN","ECM-Receptor","KEGG: hsa04512","COL6A6_ITGA3_ITGB1"
"COL9A1","ITGA3_ITGB1","COLLAGEN","ECM-Receptor","KEGG: hsa04512","COL9A1_ITGA3_ITGB1"
"COL9A2","ITGA3_ITGB1","COLLAGEN","ECM-Receptor","KEGG: hsa04512","COL9A2_ITGA3_ITGB1"
"COL9A3","ITGA3_ITGB1","COLLAGEN","ECM-Receptor","KEGG: hsa04512","COL9A3_ITGA3_ITGB1"
"LAMA1","ITGA6_ITGB1","LAMININ","ECM-Receptor","KEGG: hsa04512","LAMA1_ITGA6_ITGB1"
"LAMA2","ITGA6_ITGB1","LAMININ","ECM-Receptor","KEGG: hsa04512","LAMA2_ITGA6_ITGB1"
"LAMA3","ITGA6_ITGB1","LAMININ","ECM-Receptor","KEGG: hsa04512","LAMA3_ITGA6_ITGB1"
"LAMA4","ITGA6_ITGB1","LAMININ","ECM-Receptor","KEGG: hsa04512","LAMA4_ITGA6_ITGB1"
"LAMA5","ITGA6_ITGB1","LAMININ","ECM-Receptor","KEGG: hsa04512","LAMA5_ITGA6_ITGB1"
"LAMB1","ITGA6_ITGB1","LAMININ","ECM-Receptor","KEGG: hsa04512","LAMB1_ITGA6_ITGB1"
"LAMB2","ITGA6_ITGB1","LAMININ","ECM-Receptor","KEGG: hsa04512","LAMB2_ITGA6_ITGB1"
"LAMB3","ITGA6_ITGB1","LAMININ","ECM-Receptor","KEGG: hsa04512","LAMB3_ITGA6_ITGB1"
"LAMC1","ITGA6_ITGB1","LAMININ","ECM-Receptor","KEGG: hsa04512","LAMC1_ITGA6_ITGB1"
"LAMC2","ITGA6_ITGB1","LAMININ","ECM-Receptor","KEGG: hsa04512","LAMC2_ITGA6_ITGB1"
"LAMC3","ITGA6_ITGB1","LAMININ","ECM-Receptor","KEGG: hsa04512","LAMC3_ITGA6_ITGB1"
"LAMA1","ITGA7_ITGB1","LAMININ","ECM-Receptor","KEGG: hsa04512","LAMA1_ITGA7_ITGB1"
"LAMA2","ITGA7_ITGB1","LAMININ","ECM-Receptor","KEGG: hsa04512","LAMA2_ITGA7_ITGB1"
"LAMA3","ITGA7_ITGB1","LAMININ","ECM-Receptor","KEGG: hsa04512","LAMA3_ITGA7_ITGB1"
"LAMA4","ITGA7_ITGB1","LAMININ","ECM-Receptor","KEGG: hsa04512","LAMA4_ITGA7_ITGB1"
"LAMA5","ITGA7_ITGB1","LAMININ","ECM-Receptor","KEGG: hsa04512","LAMA5_ITGA7_ITGB1"
"LAMB1","ITGA7_ITGB1","LAMININ","ECM-Receptor","KEGG: hsa04512","LAMB1_ITGA7_ITGB1"
"LAMB2","ITGA7_ITGB1","LAMININ","ECM-Receptor","KEGG: hsa04512","LAMB2_ITGA7_ITGB1"
"LAMB3","ITGA7_ITGB1","LAMININ","ECM-Receptor","KEGG: hsa04512","LAMB3_ITGA7_ITGB1"
"LAMC1","ITGA7_ITGB1","LAMININ","ECM-Receptor","KEGG: hsa04512","LAMC1_ITGA7_ITGB1"
"LAMC2","ITGA7_ITGB1","LAMININ","ECM-Receptor","KEGG: hsa04512","LAMC2_ITGA7_ITGB1"
"LAMC3","ITGA7_ITGB1","LAMININ","ECM-Receptor","KEGG: hsa04512","LAMC3_ITGA7_ITGB1"
"VTN","ITGA8_ITGB1","VTN","ECM-Receptor","KEGG: hsa04512","VTN_ITGA8_ITGB1"
"TNC","ITGA8_ITGB1","TENASCIN","ECM-Receptor","KEGG: hsa04512","TNC_ITGA8_ITGB1"
"TNR","ITGA8_ITGB1","TENASCIN","ECM-Receptor","KEGG: hsa04512","TNR_ITGA8_ITGB1"
"TNN","ITGA8_ITGB1","TENASCIN","ECM-Receptor","KEGG: hsa04512","TNN_ITGA8_ITGB1"
"TNXB","ITGA8_ITGB1","TENASCIN","ECM-Receptor","KEGG: hsa04512","TNXB_ITGA8_ITGB1"
"Npnt complex 1","ITGA8_ITGB1","NPNT","ECM-Receptor","KEGG: hsa04512","Npnt complex 1_ITGA8_ITGB1"
"Npnt complex 2","ITGA8_ITGB1","NPNT","ECM-Receptor","KEGG: hsa04512","Npnt complex 2_ITGA8_ITGB1"
"TNC","ITGA9_ITGB1","TENASCIN","ECM-Receptor","KEGG: hsa04512","TNC_ITGA9_ITGB1"
"TNR","ITGA9_ITGB1","TENASCIN","ECM-Receptor","KEGG: hsa04512","TNR_ITGA9_ITGB1"
"TNN","ITGA9_ITGB1","TENASCIN","ECM-Receptor","KEGG: hsa04512","TNN_ITGA9_ITGB1"
"TNXB","ITGA9_ITGB1","TENASCIN","ECM-Receptor","KEGG: hsa04512","TNXB_ITGA9_ITGB1"
"COL1A1","ITGA9_ITGB1","COLLAGEN","ECM-Receptor","KEGG: hsa04512","COL1A1_ITGA9_ITGB1"
"COL1A2","ITGA9_ITGB1","COLLAGEN","ECM-Receptor","KEGG: hsa04512","COL1A2_ITGA9_ITGB1"
"COL2A1","ITGA9_ITGB1","COLLAGEN","ECM-Receptor","KEGG: hsa04512","COL2A1_ITGA9_ITGB1"
"COL4A1","ITGA9_ITGB1","COLLAGEN","ECM-Receptor","KEGG: hsa04512","COL4A1_ITGA9_ITGB1"
"COL4A2","ITGA9_ITGB1","COLLAGEN","ECM-Receptor","KEGG: hsa04512","COL4A2_ITGA9_ITGB1"
"COL4A3","ITGA9_ITGB1","COLLAGEN","ECM-Receptor","KEGG: hsa04512","COL4A3_ITGA9_ITGB1"
"COL4A4","ITGA9_ITGB1","COLLAGEN","ECM-Receptor","KEGG: hsa04512","COL4A4_ITGA9_ITGB1"
"COL4A5","ITGA9_ITGB1","COLLAGEN","ECM-Receptor","KEGG: hsa04512","COL4A5_ITGA9_ITGB1"
"COL4A6","ITGA9_ITGB1","COLLAGEN","ECM-Receptor","KEGG: hsa04512","COL4A6_ITGA9_ITGB1"
"COL6A1","ITGA9_ITGB1","COLLAGEN","ECM-Receptor","KEGG: hsa04512","COL6A1_ITGA9_ITGB1"
"COL6A2","ITGA9_ITGB1","COLLAGEN","ECM-Receptor","KEGG: hsa04512","COL6A2_ITGA9_ITGB1"
"COL6A3","ITGA9_ITGB1","COLLAGEN","ECM-Receptor","KEGG: hsa04512","COL6A3_ITGA9_ITGB1"
"COL6A5","ITGA9_ITGB1","COLLAGEN","ECM-Receptor","KEGG: hsa04512","COL6A5_ITGA9_ITGB1"
"COL6A6","ITGA9_ITGB1","COLLAGEN","ECM-Receptor","KEGG: hsa04512","COL6A6_ITGA9_ITGB1"
"COL9A1","ITGA9_ITGB1","COLLAGEN","ECM-Receptor","KEGG: hsa04512","COL9A1_ITGA9_ITGB1"
"COL9A2","ITGA9_ITGB1","COLLAGEN","ECM-Receptor","KEGG: hsa04512","COL9A2_ITGA9_ITGB1"
"COL9A3","ITGA9_ITGB1","COLLAGEN","ECM-Receptor","KEGG: hsa04512","COL9A3_ITGA9_ITGB1"
"LAMA1","ITGA9_ITGB1","LAMININ","ECM-Receptor","KEGG: hsa04512","LAMA1_ITGA9_ITGB1"
"LAMA2","ITGA9_ITGB1","LAMININ","ECM-Receptor","KEGG: hsa04512","LAMA2_ITGA9_ITGB1"
"LAMA3","ITGA9_ITGB1","LAMININ","ECM-Receptor","KEGG: hsa04512","LAMA3_ITGA9_ITGB1"
"LAMA4","ITGA9_ITGB1","LAMININ","ECM-Receptor","KEGG: hsa04512","LAMA4_ITGA9_ITGB1"
"LAMA5","ITGA9_ITGB1","LAMININ","ECM-Receptor","KEGG: hsa04512","LAMA5_ITGA9_ITGB1"
"LAMB1","ITGA9_ITGB1","LAMININ","ECM-Receptor","KEGG: hsa04512","LAMB1_ITGA9_ITGB1"
"LAMB2","ITGA9_ITGB1","LAMININ","ECM-Receptor","KEGG: hsa04512","LAMB2_ITGA9_ITGB1"
"LAMB3","ITGA9_ITGB1","LAMININ","ECM-Receptor","KEGG: hsa04512","LAMB3_ITGA9_ITGB1"
"LAMC1","ITGA9_ITGB1","LAMININ","ECM-Receptor","KEGG: hsa04512","LAMC1_ITGA9_ITGB1"
"LAMC2","ITGA9_ITGB1","LAMININ","ECM-Receptor","KEGG: hsa04512","LAMC2_ITGA9_ITGB1"
"LAMC3","ITGA9_ITGB1","LAMININ","ECM-Receptor","KEGG: hsa04512","LAMC3_ITGA9_ITGB1"
"COL1A1","ITGA10_ITGB1","COLLAGEN","ECM-Receptor","KEGG: hsa04512","COL1A1_ITGA10_ITGB1"
"COL1A2","ITGA10_ITGB1","COLLAGEN","ECM-Receptor","KEGG: hsa04512","COL1A2_ITGA10_ITGB1"
"COL2A1","ITGA10_ITGB1","COLLAGEN","ECM-Receptor","KEGG: hsa04512","COL2A1_ITGA10_ITGB1"
"COL4A1","ITGA10_ITGB1","COLLAGEN","ECM-Receptor","KEGG: hsa04512","COL4A1_ITGA10_ITGB1"
"COL4A2","ITGA10_ITGB1","COLLAGEN","ECM-Receptor","KEGG: hsa04512","COL4A2_ITGA10_ITGB1"
"COL4A3","ITGA10_ITGB1","COLLAGEN","ECM-Receptor","KEGG: hsa04512","COL4A3_ITGA10_ITGB1"
"COL4A4","ITGA10_ITGB1","COLLAGEN","ECM-Receptor","KEGG: hsa04512","COL4A4_ITGA10_ITGB1"
"COL4A5","ITGA10_ITGB1","COLLAGEN","ECM-Receptor","KEGG: hsa04512","COL4A5_ITGA10_ITGB1"
"COL4A6","ITGA10_ITGB1","COLLAGEN","ECM-Receptor","KEGG: hsa04512","COL4A6_ITGA10_ITGB1"
"COL6A1","ITGA10_ITGB1","COLLAGEN","ECM-Receptor","KEGG: hsa04512","COL6A1_ITGA10_ITGB1"
"COL6A2","ITGA10_ITGB1","COLLAGEN","ECM-Receptor","KEGG: hsa04512","COL6A2_ITGA10_ITGB1"
"COL6A3","ITGA10_ITGB1","COLLAGEN","ECM-Receptor","KEGG: hsa04512","COL6A3_ITGA10_ITGB1"
"COL6A5","ITGA10_ITGB1","COLLAGEN","ECM-Receptor","KEGG: hsa04512","COL6A5_ITGA10_ITGB1"
"COL6A6","ITGA10_ITGB1","COLLAGEN","ECM-Receptor","KEGG: hsa04512","COL6A6_ITGA10_ITGB1"
"COL9A1","ITGA10_ITGB1","COLLAGEN","ECM-Receptor","KEGG: hsa04512","COL9A1_ITGA10_ITGB1"
"COL9A2","ITGA10_ITGB1","COLLAGEN","ECM-Receptor","KEGG: hsa04512","COL9A2_ITGA10_ITGB1"
"COL9A3","ITGA10_ITGB1","COLLAGEN","ECM-Receptor","KEGG: hsa04512","COL9A3_ITGA10_ITGB1"
"COL1A1","ITGA11_ITGB1","COLLAGEN","ECM-Receptor","KEGG: hsa04512","COL1A1_ITGA11_ITGB1"
"COL1A2","ITGA11_ITGB1","COLLAGEN","ECM-Receptor","KEGG: hsa04512","COL1A2_ITGA11_ITGB1"
"COL2A1","ITGA11_ITGB1","COLLAGEN","ECM-Receptor","KEGG: hsa04512","COL2A1_ITGA11_ITGB1"
"COL4A1","ITGA11_ITGB1","COLLAGEN","ECM-Receptor","KEGG: hsa04512","COL4A1_ITGA11_ITGB1"
"COL4A2","ITGA11_ITGB1","COLLAGEN","ECM-Receptor","KEGG: hsa04512","COL4A2_ITGA11_ITGB1"
"COL4A3","ITGA11_ITGB1","COLLAGEN","ECM-Receptor","KEGG: hsa04512","COL4A3_ITGA11_ITGB1"
"COL4A4","ITGA11_ITGB1","COLLAGEN","ECM-Receptor","KEGG: hsa04512","COL4A4_ITGA11_ITGB1"
"COL4A5","ITGA11_ITGB1","COLLAGEN","ECM-Receptor","KEGG: hsa04512","COL4A5_ITGA11_ITGB1"
"COL4A6","ITGA11_ITGB1","COLLAGEN","ECM-Receptor","KEGG: hsa04512","COL4A6_ITGA11_ITGB1"
"COL6A1","ITGA11_ITGB1","COLLAGEN","ECM-Receptor","KEGG: hsa04512","COL6A1_ITGA11_ITGB1"
"COL6A2","ITGA11_ITGB1","COLLAGEN","ECM-Receptor","KEGG: hsa04512","COL6A2_ITGA11_ITGB1"
"COL6A3","ITGA11_ITGB1","COLLAGEN","ECM-Receptor","KEGG: hsa04512","COL6A3_ITGA11_ITGB1"
"COL6A5","ITGA11_ITGB1","COLLAGEN","ECM-Receptor","KEGG: hsa04512","COL6A5_ITGA11_ITGB1"
"COL6A6","ITGA11_ITGB1","COLLAGEN","ECM-Receptor","KEGG: hsa04512","COL6A6_ITGA11_ITGB1"
"COL9A1","ITGA11_ITGB1","COLLAGEN","ECM-Receptor","KEGG: hsa04512","COL9A1_ITGA11_ITGB1"
"COL9A2","ITGA11_ITGB1","COLLAGEN","ECM-Receptor","KEGG: hsa04512","COL9A2_ITGA11_ITGB1"
"COL9A3","ITGA11_ITGB1","COLLAGEN","ECM-Receptor","KEGG: hsa04512","COL9A3_ITGA11_ITGB1"
"FN1","ITGAV_ITGB1","FN1","ECM-Receptor","KEGG: hsa04512","FN1_ITGAV_ITGB1"
"VTN","ITGAV_ITGB1","VTN","ECM-Receptor","KEGG: hsa04512","VTN_ITGAV_ITGB1"
"DSPP","ITGAV_ITGB1","DSPP","ECM-Receptor","KEGG: hsa04512","DSPP_ITGAV_ITGB1"
"FN1","ITGA4_ITGB7","FN1","ECM-Receptor","KEGG: hsa04512","FN1_ITGA4_ITGB7"
"FN1","ITGAV_ITGB3","FN1","ECM-Receptor","KEGG: hsa04512","FN1_ITGAV_ITGB3"
"VTN","ITGAV_ITGB3","VTN","ECM-Receptor","KEGG: hsa04512","VTN_ITGAV_ITGB3"
"VWF","ITGAV_ITGB3","VWF","ECM-Receptor","KEGG: hsa04512","VWF_ITGAV_ITGB3"
"TNC","ITGAV_ITGB3","TENASCIN","ECM-Receptor","KEGG: hsa04512","TNC_ITGAV_ITGB3"
"TNR","ITGAV_ITGB3","TENASCIN","ECM-Receptor","KEGG: hsa04512","TNR_ITGAV_ITGB3"
"TNN","ITGAV_ITGB3","TENASCIN","ECM-Receptor","KEGG: hsa04512","TNN_ITGAV_ITGB3"
"TNXB","ITGAV_ITGB3","TENASCIN","ECM-Receptor","KEGG: hsa04512","TNXB_ITGAV_ITGB3"
"IBSP","ITGAV_ITGB3","BSP","ECM-Receptor","KEGG: hsa04512","IBSP_ITGAV_ITGB3"
"THBS1","ITGAV_ITGB3","THBS","ECM-Receptor","KEGG: hsa04512","THBS1_ITGAV_ITGB3"
"THBS2","ITGAV_ITGB3","THBS","ECM-Receptor","KEGG: hsa04512","THBS2_ITGAV_ITGB3"
"THBS3","ITGAV_ITGB3","THBS","ECM-Receptor","KEGG: hsa04512","THBS3_ITGAV_ITGB3"
"THBS4","ITGAV_ITGB3","THBS","ECM-Receptor","KEGG: hsa04512","THBS4_ITGAV_ITGB3"
"COMP","ITGAV_ITGB3","THBS","ECM-Receptor","KEGG: hsa04512","COMP_ITGAV_ITGB3"
"DMP1","ITGAV_ITGB3","DMP1","ECM-Receptor","KEGG: hsa04512","DMP1_ITGAV_ITGB3"
"FN1","ITGA2B_ITGB3","FN1","ECM-Receptor","KEGG: hsa04512","FN1_ITGA2B_ITGB3"
"VTN","ITGA2B_ITGB3","VTN","ECM-Receptor","KEGG: hsa04512","VTN_ITGA2B_ITGB3"
"VWF","ITGA2B_ITGB3","VWF","ECM-Receptor","KEGG: hsa04512","VWF_ITGA2B_ITGB3"
"TNC","ITGA2B_ITGB3","TENASCIN","ECM-Receptor","KEGG: hsa04512","TNC_ITGA2B_ITGB3"
"TNR","ITGA2B_ITGB3","TENASCIN","ECM-Receptor","KEGG: hsa04512","TNR_ITGA2B_ITGB3"
"TNN","ITGA2B_ITGB3","TENASCIN","ECM-Receptor","KEGG: hsa04512","TNN_ITGA2B_ITGB3"
"TNXB","ITGA2B_ITGB3","TENASCIN","ECM-Receptor","KEGG: hsa04512","TNXB_ITGA2B_ITGB3"
"VTN","ITGAV_ITGB5","VTN","ECM-Receptor","KEGG: hsa04512","VTN_ITGAV_ITGB5"
"IBSP","ITGAV_ITGB5","BSP","ECM-Receptor","KEGG: hsa04512","IBSP_ITGAV_ITGB5"
"TNC","ITGAV_ITGB6","TENASCIN","ECM-Receptor","KEGG: hsa04512","TNC_ITGAV_ITGB6"
"TNR","ITGAV_ITGB6","TENASCIN","ECM-Receptor","KEGG: hsa04512","TNR_ITGAV_ITGB6"
"TNN","ITGAV_ITGB6","TENASCIN","ECM-Receptor","KEGG: hsa04512","TNN_ITGAV_ITGB6"
"TNXB","ITGAV_ITGB6","TENASCIN","ECM-Receptor","KEGG: hsa04512","TNXB_ITGAV_ITGB6"
"FN1","ITGAV_ITGB6","FN1","ECM-Receptor","KEGG: hsa04512","FN1_ITGAV_ITGB6"
"DSPP","ITGAV_ITGB6","DSPP","ECM-Receptor","KEGG: hsa04512","DSPP_ITGAV_ITGB6"
"VTN","ITGAV_ITGB8","VTN","ECM-Receptor","KEGG: hsa04512","VTN_ITGAV_ITGB8"
"FN1","ITGAV_ITGB8","FN1","ECM-Receptor","KEGG: hsa04512","FN1_ITGAV_ITGB8"
"LAMA1","ITGAV_ITGB8","LAMININ","ECM-Receptor","KEGG: hsa04512","LAMA1_ITGAV_ITGB8"
"LAMA2","ITGAV_ITGB8","LAMININ","ECM-Receptor","KEGG: hsa04512","LAMA2_ITGAV_ITGB8"
"LAMA3","ITGAV_ITGB8","LAMININ","ECM-Receptor","KEGG: hsa04512","LAMA3_ITGAV_ITGB8"
"LAMA4","ITGAV_ITGB8","LAMININ","ECM-Receptor","KEGG: hsa04512","LAMA4_ITGAV_ITGB8"
"LAMA5","ITGAV_ITGB8","LAMININ","ECM-Receptor","KEGG: hsa04512","LAMA5_ITGAV_ITGB8"
"LAMB1","ITGAV_ITGB8","LAMININ","ECM-Receptor","KEGG: hsa04512","LAMB1_ITGAV_ITGB8"
"LAMB2","ITGAV_ITGB8","LAMININ","ECM-Receptor","KEGG: hsa04512","LAMB2_ITGAV_ITGB8"
"LAMB3","ITGAV_ITGB8","LAMININ","ECM-Receptor","KEGG: hsa04512","LAMB3_ITGAV_ITGB8"
"LAMC1","ITGAV_ITGB8","LAMININ","ECM-Receptor","KEGG: hsa04512","LAMC1_ITGAV_ITGB8"
"LAMC2","ITGAV_ITGB8","LAMININ","ECM-Receptor","KEGG: hsa04512","LAMC2_ITGAV_ITGB8"
"LAMC3","ITGAV_ITGB8","LAMININ","ECM-Receptor","KEGG: hsa04512","LAMC3_ITGAV_ITGB8"
"COL1A1","ITGAV_ITGB8","COLLAGEN","ECM-Receptor","KEGG: hsa04512","COL1A1_ITGAV_ITGB8"
"COL1A2","ITGAV_ITGB8","COLLAGEN","ECM-Receptor","KEGG: hsa04512","COL1A2_ITGAV_ITGB8"
"COL2A1","ITGAV_ITGB8","COLLAGEN","ECM-Receptor","KEGG: hsa04512","COL2A1_ITGAV_ITGB8"
"COL4A1","ITGAV_ITGB8","COLLAGEN","ECM-Receptor","KEGG: hsa04512","COL4A1_ITGAV_ITGB8"
"COL4A2","ITGAV_ITGB8","COLLAGEN","ECM-Receptor","KEGG: hsa04512","COL4A2_ITGAV_ITGB8"
"COL4A3","ITGAV_ITGB8","COLLAGEN","ECM-Receptor","KEGG: hsa04512","COL4A3_ITGAV_ITGB8"
"COL4A4","ITGAV_ITGB8","COLLAGEN","ECM-Receptor","KEGG: hsa04512","COL4A4_ITGAV_ITGB8"
"COL4A5","ITGAV_ITGB8","COLLAGEN","ECM-Receptor","KEGG: hsa04512","COL4A5_ITGAV_ITGB8"
"COL4A6","ITGAV_ITGB8","COLLAGEN","ECM-Receptor","KEGG: hsa04512","COL4A6_ITGAV_ITGB8"
"COL6A1","ITGAV_ITGB8","COLLAGEN","ECM-Receptor","KEGG: hsa04512","COL6A1_ITGAV_ITGB8"
"COL6A2","ITGAV_ITGB8","COLLAGEN","ECM-Receptor","KEGG: hsa04512","COL6A2_ITGAV_ITGB8"
"COL6A3","ITGAV_ITGB8","COLLAGEN","ECM-Receptor","KEGG: hsa04512","COL6A3_ITGAV_ITGB8"
"COL6A5","ITGAV_ITGB8","COLLAGEN","ECM-Receptor","KEGG: hsa04512","COL6A5_ITGAV_ITGB8"
"COL6A6","ITGAV_ITGB8","COLLAGEN","ECM-Receptor","KEGG: hsa04512","COL6A6_ITGAV_ITGB8"
"COL9A1","ITGAV_ITGB8","COLLAGEN","ECM-Receptor","KEGG: hsa04512","COL9A1_ITGAV_ITGB8"
"COL9A2","ITGAV_ITGB8","COLLAGEN","ECM-Receptor","KEGG: hsa04512","COL9A2_ITGAV_ITGB8"
"COL9A3","ITGAV_ITGB8","COLLAGEN","ECM-Receptor","KEGG: hsa04512","COL9A3_ITGAV_ITGB8"
"LAMA1","ITGA6_ITGB4","LAMININ","ECM-Receptor","KEGG: hsa04512","LAMA1_ITGA6_ITGB4"
"LAMA2","ITGA6_ITGB4","LAMININ","ECM-Receptor","KEGG: hsa04512","LAMA2_ITGA6_ITGB4"
"LAMA3","ITGA6_ITGB4","LAMININ","ECM-Receptor","KEGG: hsa04512","LAMA3_ITGA6_ITGB4"
"LAMA4","ITGA6_ITGB4","LAMININ","ECM-Receptor","KEGG: hsa04512","LAMA4_ITGA6_ITGB4"
"LAMA5","ITGA6_ITGB4","LAMININ","ECM-Receptor","KEGG: hsa04512","LAMA5_ITGA6_ITGB4"
"LAMB1","ITGA6_ITGB4","LAMININ","ECM-Receptor","KEGG: hsa04512","LAMB1_ITGA6_ITGB4"
"LAMB2","ITGA6_ITGB4","LAMININ","ECM-Receptor","KEGG: hsa04512","LAMB2_ITGA6_ITGB4"
"LAMB3","ITGA6_ITGB4","LAMININ","ECM-Receptor","KEGG: hsa04512","LAMB3_ITGA6_ITGB4"
"LAMC1","ITGA6_ITGB4","LAMININ","ECM-Receptor","KEGG: hsa04512","LAMC1_ITGA6_ITGB4"
"LAMC2","ITGA6_ITGB4","LAMININ","ECM-Receptor","KEGG: hsa04512","LAMC2_ITGA6_ITGB4"
"LAMC3","ITGA6_ITGB4","LAMININ","ECM-Receptor","KEGG: hsa04512","LAMC3_ITGA6_ITGB4"
"FN1","CD44","FN1","ECM-Receptor","KEGG: hsa04512","FN1_CD44"
"COL1A1","CD44","COLLAGEN","ECM-Receptor","KEGG: hsa04512","COL1A1_CD44"
"COL1A2","CD44","COLLAGEN","ECM-Receptor","KEGG: hsa04512","COL1A2_CD44"
"COL2A1","CD44","COLLAGEN","ECM-Receptor","KEGG: hsa04512","COL2A1_CD44"
"COL4A1","CD44","COLLAGEN","ECM-Receptor","KEGG: hsa04512","COL4A1_CD44"
"COL4A2","CD44","COLLAGEN","ECM-Receptor","KEGG: hsa04512","COL4A2_CD44"
"COL4A3","CD44","COLLAGEN","ECM-Receptor","KEGG: hsa04512","COL4A3_CD44"
"COL4A4","CD44","COLLAGEN","ECM-Receptor","KEGG: hsa04512","COL4A4_CD44"
"COL4A5","CD44","COLLAGEN","ECM-Receptor","KEGG: hsa04512","COL4A5_CD44"
"COL4A6","CD44","COLLAGEN","ECM-Receptor","KEGG: hsa04512","COL4A6_CD44"
"COL6A1","CD44","COLLAGEN","ECM-Receptor","KEGG: hsa04512","COL6A1_CD44"
"COL6A2","CD44","COLLAGEN","ECM-Receptor","KEGG: hsa04512","COL6A2_CD44"
"COL6A3","CD44","COLLAGEN","ECM-Receptor","KEGG: hsa04512","COL6A3_CD44"
"COL6A5","CD44","COLLAGEN","ECM-Receptor","KEGG: hsa04512","COL6A5_CD44"
"COL6A6","CD44","COLLAGEN","ECM-Receptor","KEGG: hsa04512","COL6A6_CD44"
"COL9A1","CD44","COLLAGEN","ECM-Receptor","KEGG: hsa04512","COL9A1_CD44"
"COL9A2","CD44","COLLAGEN","ECM-Receptor","KEGG: hsa04512","COL9A2_CD44"
"COL9A3","CD44","COLLAGEN","ECM-Receptor","KEGG: hsa04512","COL9A3_CD44"
"LAMA1","CD44","LAMININ","ECM-Receptor","KEGG: hsa04512","LAMA1_CD44"
"LAMA2","CD44","LAMININ","ECM-Receptor","KEGG: hsa04512","LAMA2_CD44"
"LAMA3","CD44","LAMININ","ECM-Receptor","KEGG: hsa04512","LAMA3_CD44"
"LAMA4","CD44","LAMININ","ECM-Receptor","KEGG: hsa04512","LAMA4_CD44"
"LAMA5","CD44","LAMININ","ECM-Receptor","KEGG: hsa04512","LAMA5_CD44"
"LAMB1","CD44","LAMININ","ECM-Receptor","KEGG: hsa04512","LAMB1_CD44"
"LAMB2","CD44","LAMININ","ECM-Receptor","KEGG: hsa04512","LAMB2_CD44"
"LAMB3","CD44","LAMININ","ECM-Receptor","KEGG: hsa04512","LAMB3_CD44"
"LAMC1","CD44","LAMININ","ECM-Receptor","KEGG: hsa04512","LAMC1_CD44"
"LAMC2","CD44","LAMININ","ECM-Receptor","KEGG: hsa04512","LAMC2_CD44"
"LAMC3","CD44","LAMININ","ECM-Receptor","KEGG: hsa04512","LAMC3_CD44"
"COL1A1","SDC1","COLLAGEN","ECM-Receptor","KEGG: hsa04512","COL1A1_SDC1"
"COL1A2","SDC1","COLLAGEN","ECM-Receptor","KEGG: hsa04512","COL1A2_SDC1"
"COL2A1","SDC1","COLLAGEN","ECM-Receptor","KEGG: hsa04512","COL2A1_SDC1"
"COL4A1","SDC1","COLLAGEN","ECM-Receptor","KEGG: hsa04512","COL4A1_SDC1"
"COL4A2","SDC1","COLLAGEN","ECM-Receptor","KEGG: hsa04512","COL4A2_SDC1"
"COL4A3","SDC1","COLLAGEN","ECM-Receptor","KEGG: hsa04512","COL4A3_SDC1"
"COL4A4","SDC1","COLLAGEN","ECM-Receptor","KEGG: hsa04512","COL4A4_SDC1"
"COL4A5","SDC1","COLLAGEN","ECM-Receptor","KEGG: hsa04512","COL4A5_SDC1"
"COL4A6","SDC1","COLLAGEN","ECM-Receptor","KEGG: hsa04512","COL4A6_SDC1"
"COL6A1","SDC1","COLLAGEN","ECM-Receptor","KEGG: hsa04512","COL6A1_SDC1"
"COL6A2","SDC1","COLLAGEN","ECM-Receptor","KEGG: hsa04512","COL6A2_SDC1"
"COL6A3","SDC1","COLLAGEN","ECM-Receptor","KEGG: hsa04512","COL6A3_SDC1"
"COL6A5","SDC1","COLLAGEN","ECM-Receptor","KEGG: hsa04512","COL6A5_SDC1"
"COL6A6","SDC1","COLLAGEN","ECM-Receptor","KEGG: hsa04512","COL6A6_SDC1"
"COL9A1","SDC1","COLLAGEN","ECM-Receptor","KEGG: hsa04512","COL9A1_SDC1"
"COL9A2","SDC1","COLLAGEN","ECM-Receptor","KEGG: hsa04512","COL9A2_SDC1"
"COL9A3","SDC1","COLLAGEN","ECM-Receptor","KEGG: hsa04512","COL9A3_SDC1"
"FN1","SDC1","FN1","ECM-Receptor","KEGG: hsa04512","FN1_SDC1"
"TNC","SDC1","TENASCIN","ECM-Receptor","KEGG: hsa04512","TNC_SDC1"
"TNR","SDC1","TENASCIN","ECM-Receptor","KEGG: hsa04512","TNR_SDC1"
"TNN","SDC1","TENASCIN","ECM-Receptor","KEGG: hsa04512","TNN_SDC1"
"TNXB","SDC1","TENASCIN","ECM-Receptor","KEGG: hsa04512","TNXB_SDC1"
"THBS1","SDC1","THBS","ECM-Receptor","KEGG: hsa04512","THBS1_SDC1"
"THBS2","SDC1","THBS","ECM-Receptor","KEGG: hsa04512","THBS2_SDC1"
"THBS3","SDC1","THBS","ECM-Receptor","KEGG: hsa04512","THBS3_SDC1"
"THBS4","SDC1","THBS","ECM-Receptor","KEGG: hsa04512","THBS4_SDC1"
"COMP","SDC1","THBS","ECM-Receptor","KEGG: hsa04512","COMP_SDC1"
"COL1A1","SDC4","COLLAGEN","ECM-Receptor","KEGG: hsa04512","COL1A1_SDC4"
"COL1A2","SDC4","COLLAGEN","ECM-Receptor","KEGG: hsa04512","COL1A2_SDC4"
"COL2A1","SDC4","COLLAGEN","ECM-Receptor","KEGG: hsa04512","COL2A1_SDC4"
"COL4A1","SDC4","COLLAGEN","ECM-Receptor","KEGG: hsa04512","COL4A1_SDC4"
"COL4A2","SDC4","COLLAGEN","ECM-Receptor","KEGG: hsa04512","COL4A2_SDC4"
"COL4A3","SDC4","COLLAGEN","ECM-Receptor","KEGG: hsa04512","COL4A3_SDC4"
"COL4A4","SDC4","COLLAGEN","ECM-Receptor","KEGG: hsa04512","COL4A4_SDC4"
"COL4A5","SDC4","COLLAGEN","ECM-Receptor","KEGG: hsa04512","COL4A5_SDC4"
"COL4A6","SDC4","COLLAGEN","ECM-Receptor","KEGG: hsa04512","COL4A6_SDC4"
"COL6A1","SDC4","COLLAGEN","ECM-Receptor","KEGG: hsa04512","COL6A1_SDC4"
"COL6A2","SDC4","COLLAGEN","ECM-Receptor","KEGG: hsa04512","COL6A2_SDC4"
"COL6A3","SDC4","COLLAGEN","ECM-Receptor","KEGG: hsa04512","COL6A3_SDC4"
"COL6A5","SDC4","COLLAGEN","ECM-Receptor","KEGG: hsa04512","COL6A5_SDC4"
"COL6A6","SDC4","COLLAGEN","ECM-Receptor","KEGG: hsa04512","COL6A6_SDC4"
"COL9A1","SDC4","COLLAGEN","ECM-Receptor","KEGG: hsa04512","COL9A1_SDC4"
"COL9A2","SDC4","COLLAGEN","ECM-Receptor","KEGG: hsa04512","COL9A2_SDC4"
"COL9A3","SDC4","COLLAGEN","ECM-Receptor","KEGG: hsa04512","COL9A3_SDC4"
"FN1","SDC4","FN1","ECM-Receptor","KEGG: hsa04512","FN1_SDC4"
"TNC","SDC4","TENASCIN","ECM-Receptor","KEGG: hsa04512","TNC_SDC4"
"TNR","SDC4","TENASCIN","ECM-Receptor","KEGG: hsa04512","TNR_SDC4"
"TNN","SDC4","TENASCIN","ECM-Receptor","KEGG: hsa04512","TNN_SDC4"
"TNXB","SDC4","TENASCIN","ECM-Receptor","KEGG: hsa04512","TNXB_SDC4"
"THBS1","SDC4","THBS","ECM-Receptor","KEGG: hsa04512","THBS1_SDC4"
"THBS2","SDC4","THBS","ECM-Receptor","KEGG: hsa04512","THBS2_SDC4"
"THBS3","SDC4","THBS","ECM-Receptor","KEGG: hsa04512","THBS3_SDC4"
"THBS4","SDC4","THBS","ECM-Receptor","KEGG: hsa04512","THBS4_SDC4"
"COMP","SDC4","THBS","ECM-Receptor","KEGG: hsa04512","COMP_SDC4"
"LAMA1","SV2A","LAMININ","ECM-Receptor","KEGG: hsa04512","LAMA1_SV2A"
"LAMA2","SV2A","LAMININ","ECM-Receptor","KEGG: hsa04512","LAMA2_SV2A"
"LAMA3","SV2A","LAMININ","ECM-Receptor","KEGG: hsa04512","LAMA3_SV2A"
"LAMA4","SV2A","LAMININ","ECM-Receptor","KEGG: hsa04512","LAMA4_SV2A"
"LAMA5","SV2A","LAMININ","ECM-Receptor","KEGG: hsa04512","LAMA5_SV2A"
"LAMB1","SV2A","LAMININ","ECM-Receptor","KEGG: hsa04512","LAMB1_SV2A"
"LAMB2","SV2A","LAMININ","ECM-Receptor","KEGG: hsa04512","LAMB2_SV2A"
"LAMB3","SV2A","LAMININ","ECM-Receptor","KEGG: hsa04512","LAMB3_SV2A"
"LAMC1","SV2A","LAMININ","ECM-Receptor","KEGG: hsa04512","LAMC1_SV2A"
"LAMC2","SV2A","LAMININ","ECM-Receptor","KEGG: hsa04512","LAMC2_SV2A"
"LAMC3","SV2A","LAMININ","ECM-Receptor","KEGG: hsa04512","LAMC3_SV2A"
"LAMA1","SV2B","LAMININ","ECM-Receptor","KEGG: hsa04512","LAMA1_SV2B"
"LAMA2","SV2B","LAMININ","ECM-Receptor","KEGG: hsa04512","LAMA2_SV2B"
"LAMA3","SV2B","LAMININ","ECM-Receptor","KEGG: hsa04512","LAMA3_SV2B"
"LAMA4","SV2B","LAMININ","ECM-Receptor","KEGG: hsa04512","LAMA4_SV2B"
"LAMA5","SV2B","LAMININ","ECM-Receptor","KEGG: hsa04512","LAMA5_SV2B"
"LAMB1","SV2B","LAMININ","ECM-Receptor","KEGG: hsa04512","LAMB1_SV2B"
"LAMB2","SV2B","LAMININ","ECM-Receptor","KEGG: hsa04512","LAMB2_SV2B"
"LAMB3","SV2B","LAMININ","ECM-Receptor","KEGG: hsa04512","LAMB3_SV2B"
"LAMC1","SV2B","LAMININ","ECM-Receptor","KEGG: hsa04512","LAMC1_SV2B"
"LAMC2","SV2B","LAMININ","ECM-Receptor","KEGG: hsa04512","LAMC2_SV2B"
"LAMC3","SV2B","LAMININ","ECM-Receptor","KEGG: hsa04512","LAMC3_SV2B"
"LAMA1","SV2C","LAMININ","ECM-Receptor","KEGG: hsa04512","LAMA1_SV2C"
"LAMA2","SV2C","LAMININ","ECM-Receptor","KEGG: hsa04512","LAMA2_SV2C"
"LAMA3","SV2C","LAMININ","ECM-Receptor","KEGG: hsa04512","LAMA3_SV2C"
"LAMA4","SV2C","LAMININ","ECM-Receptor","KEGG: hsa04512","LAMA4_SV2C"
"LAMA5","SV2C","LAMININ","ECM-Receptor","KEGG: hsa04512","LAMA5_SV2C"
"LAMB1","SV2C","LAMININ","ECM-Receptor","KEGG: hsa04512","LAMB1_SV2C"
"LAMB2","SV2C","LAMININ","ECM-Receptor","KEGG: hsa04512","LAMB2_SV2C"
"LAMB3","SV2C","LAMININ","ECM-Receptor","KEGG: hsa04512","LAMB3_SV2C"
"LAMC1","SV2C","LAMININ","ECM-Receptor","KEGG: hsa04512","LAMC1_SV2C"
"LAMC2","SV2C","LAMININ","ECM-Receptor","KEGG: hsa04512","LAMC2_SV2C"
"LAMC3","SV2C","LAMININ","ECM-Receptor","KEGG: hsa04512","LAMC3_SV2C"
"THBS1","CD36","THBS","ECM-Receptor","KEGG: hsa04512","THBS1_CD36"
"THBS2","CD36","THBS","ECM-Receptor","KEGG: hsa04512","THBS2_CD36"
"THBS3","CD36","THBS","ECM-Receptor","KEGG: hsa04512","THBS3_CD36"
"THBS4","CD36","THBS","ECM-Receptor","KEGG: hsa04512","THBS4_CD36"
"COMP","CD36","THBS","ECM-Receptor","KEGG: hsa04512","COMP_CD36"
"VWF","GP complex","VWF","ECM-Receptor","KEGG: hsa04512","VWF_GP complex"
"COL1A1","GP6","COLLAGEN","ECM-Receptor","KEGG: hsa04512","COL1A1_GP6"
"COL1A2","GP6","COLLAGEN","ECM-Receptor","KEGG: hsa04512","COL1A2_GP6"
"COL2A1","GP6","COLLAGEN","ECM-Receptor","KEGG: hsa04512","COL2A1_GP6"
"COL4A1","GP6","COLLAGEN","ECM-Receptor","KEGG: hsa04512","COL4A1_GP6"
"COL4A2","GP6","COLLAGEN","ECM-Receptor","KEGG: hsa04512","COL4A2_GP6"
"COL4A3","GP6","COLLAGEN","ECM-Receptor","KEGG: hsa04512","COL4A3_GP6"
"COL4A4","GP6","COLLAGEN","ECM-Receptor","KEGG: hsa04512","COL4A4_GP6"
"COL4A5","GP6","COLLAGEN","ECM-Receptor","KEGG: hsa04512","COL4A5_GP6"
"COL4A6","GP6","COLLAGEN","ECM-Receptor","KEGG: hsa04512","COL4A6_GP6"
"COL6A1","GP6","COLLAGEN","ECM-Receptor","KEGG: hsa04512","COL6A1_GP6"
"COL6A2","GP6","COLLAGEN","ECM-Receptor","KEGG: hsa04512","COL6A2_GP6"
"COL6A3","GP6","COLLAGEN","ECM-Receptor","KEGG: hsa04512","COL6A3_GP6"
"COL6A5","GP6","COLLAGEN","ECM-Receptor","KEGG: hsa04512","COL6A5_GP6"
"COL6A6","GP6","COLLAGEN","ECM-Receptor","KEGG: hsa04512","COL6A6_GP6"
"COL9A1","GP6","COLLAGEN","ECM-Receptor","KEGG: hsa04512","COL9A1_GP6"
"COL9A2","GP6","COLLAGEN","ECM-Receptor","KEGG: hsa04512","COL9A2_GP6"
"COL9A3","GP6","COLLAGEN","ECM-Receptor","KEGG: hsa04512","COL9A3_GP6"
"THBS1","CD47","THBS","ECM-Receptor","KEGG: hsa04512","THBS1_CD47"
"THBS2","CD47","THBS","ECM-Receptor","KEGG: hsa04512","THBS2_CD47"
"THBS3","CD47","THBS","ECM-Receptor","KEGG: hsa04512","THBS3_CD47"
"THBS4","CD47","THBS","ECM-Receptor","KEGG: hsa04512","THBS4_CD47"
"COMP","CD47","THBS","ECM-Receptor","KEGG: hsa04512","COMP_CD47"
"AGRN","DAG1","AGRN","ECM-Receptor","KEGG: hsa04512","AGRN_DAG1"
"HSPG2","DAG1","HSPG","ECM-Receptor","KEGG: hsa04512","HSPG2_DAG1"
"LAMA1","DAG1","LAMININ","ECM-Receptor","KEGG: hsa04512","LAMA1_DAG1"
"LAMA2","DAG1","LAMININ","ECM-Receptor","KEGG: hsa04512","LAMA2_DAG1"
"LAMA3","DAG1","LAMININ","ECM-Receptor","KEGG: hsa04512","LAMA3_DAG1"
"LAMA4","DAG1","LAMININ","ECM-Receptor","KEGG: hsa04512","LAMA4_DAG1"
"LAMA5","DAG1","LAMININ","ECM-Receptor","KEGG: hsa04512","LAMA5_DAG1"
"LAMB1","DAG1","LAMININ","ECM-Receptor","KEGG: hsa04512","LAMB1_DAG1"
"LAMB2","DAG1","LAMININ","ECM-Receptor","KEGG: hsa04512","LAMB2_DAG1"
"LAMB3","DAG1","LAMININ","ECM-Receptor","KEGG: hsa04512","LAMB3_DAG1"
"LAMC1","DAG1","LAMININ","ECM-Receptor","KEGG: hsa04512","LAMC1_DAG1"
"LAMC2","DAG1","LAMININ","ECM-Receptor","KEGG: hsa04512","LAMC2_DAG1"
"LAMC3","DAG1","LAMININ","ECM-Receptor","KEGG: hsa04512","LAMC3_DAG1"
"ADGRE5","CD55","ADGRE5","Cell-Cell Contact","PMID: 11297558","ADGRE5_CD55"
"ALCAM","CD6","ALCAM","Cell-Cell Contact","KEGG: hsa04514","ALCAM_CD6"
"ANXA1","FPR2_LXA4","ANXA1","Cell-Cell Contact","PMID: 22610094","ANXA1_FPR2_LXA4"
"APP","CD74","APP","Cell-Cell Contact","PMID: 19849849","APP_CD74"
"CADM1","CADM1","CADM","Cell-Cell Contact","PMID: 24503895","CADM1_CADM1"
"CADM3","CADM3","CADM","Cell-Cell Contact","KEGG: hsa04514","CADM3_CADM3"
"CD22","PTPRC","CD22","Cell-Cell Contact","KEGG: hsa04514","CD22_PTPRC"
"CD226","NECTIN2","CD226","Cell-Cell Contact","PMID: 24440149","CD226_NECTIN2"
"CD226","PVR","CD226","Cell-Cell Contact","PMID: 24440149","CD226_PVR"
"FCER2","ITGAM_ITGB2","CD23","Cell-Cell Contact","PMID: 7621072","FCER2_ITGAM_ITGB2"
"FCER2","ITGAX_ITGB2","CD23","Cell-Cell Contact","PMID: 7621072","FCER2_ITGAX_ITGB2"
"FCER2","ITGAV_ITGB3","CD23","Cell-Cell Contact","PMID: 10037797","FCER2_ITGAV_ITGB3"
"FCER2","CR2","CD23","Cell-Cell Contact","PMID: 16785534","FCER2_CR2"
"CD34","SELP","CD34","Cell-Cell Contact","PMID: 18606703","CD34_SELP"
"ENTPD1","ADORA1","CD39","Cell-Cell Contact","PMID: 21677139","ENTPD1_ADORA1"
"ENTPD1","ADORA2A","CD39","Cell-Cell Contact","PMID: 21677139","ENTPD1_ADORA2A"
"ENTPD1","ADORA2B","CD39","Cell-Cell Contact","PMID: 21677139","ENTPD1_ADORA2B"
"ENTPD1","TMIGD3","CD39","Cell-Cell Contact","PMID: 21677139","ENTPD1_TMIGD3"
"CD40LG","CD40","CD40","Cell-Cell Contact","KEGG: hsa04514","CD40LG_CD40"
"PTPRC","CD22","CD45","Cell-Cell Contact","PMID: 12115612","PTPRC_CD22"
"PTPRC","MRC1","CD45","Cell-Cell Contact","PMID: 27601670; PMID: 10575006","PTPRC_MRC1"
"CD46","JAG1","CD46","Cell-Cell Contact","PMID: 23086448","CD46_JAG1"
"CD48","CD244","CD48","Cell-Cell Contact","PMID: 26697006","CD48_CD244"
"CD6","ALCAM","CD6","Cell-Cell Contact","PMID: 23602662","CD6_ALCAM"
"CD80","CD274","CD80","Cell-Cell Contact","PMID: 17629517; PMID: 18585785","CD80_CD274"
"CD80","CD28","CD80","Cell-Cell Contact","PMID: 23954143","CD80_CD28"
"CD80","CTLA4","CD80","Cell-Cell Contact","PMID: 23954143","CD80_CTLA4"
"CD86","CD28","CD86","Cell-Cell Contact","PMID: 23954143","CD86_CD28"
"CD86","CTLA4","CD86","Cell-Cell Contact","PMID: 23954143","CD86_CTLA4"
"CD96","NECTIN1","CD96","Cell-Cell Contact","PMID: 17971293","CD96_NECTIN1"
"CD96","PVR","CD96","Cell-Cell Contact","PMID: 15034010","CD96_PVR"
"CD99","PILRA","CD99","Cell-Cell Contact","PMID: 18234675","CD99_PILRA"
"CD99","CD99","CD99","Cell-Cell Contact","KEGG: hsa04514","CD99_CD99"
"CD99","CD99L2","CD99","Cell-Cell Contact","KEGG: hsa04514","CD99_CD99L2"
"CDH15","CDH15","CDH","Cell-Cell Contact","KEGG: hsa04514","CDH15_CDH15"
"CDH4","CDH4","CDH","Cell-Cell Contact","KEGG: hsa04514","CDH4_CDH4"
"CDH2","CDH2","CDH","Cell-Cell Contact","KEGG: hsa04514","CDH2_CDH2"
"CDH1","CDH1","CDH","Cell-Cell Contact","KEGG: hsa04514","CDH1_CDH1"
"CDH1","ITGA2_ITGB1","CDH1","Cell-Cell Contact","PMID: 12392763","CDH1_ITGA2_ITGB1"
"CDH1","ITGAE_ITGB7","CDH1","Cell-Cell Contact","PMID: 9425167","CDH1_ITGAE_ITGB7"
"CDH1","KLRG1","CDH1","Cell-Cell Contact","PMID: 19604491","CDH1_KLRG1"
"CDH5","CDH5","CDH5","Cell-Cell Contact","KEGG: hsa04514","CDH5_CDH5"
"CD1D","CEACAM5","CEACAM","Cell-Cell Contact","PMID: 24104458","CD1D_CEACAM5"
"CD209","CEACAM1","CEACAM","Cell-Cell Contact","PMID: 16282604; PMID: 6246332","CD209_CEACAM1"
"CD8A","CEACAM5","CEACAM","Cell-Cell Contact","PMID: 24104458","CD8A_CEACAM5"
"CEACAM1","CEACAM5","CEACAM","Cell-Cell Contact","PMID: 11590190","CEACAM1_CEACAM5"
"SELE","CEACAM1","CEACAM","Cell-Cell Contact","PMID: 1378450","SELE_CEACAM1"
"CLDN11","CLDN11","CLDN","Cell-Cell Contact","KEGG: hsa04514","CLDN11_CLDN11"
"CLEC2D","KLRB1","CLEC","Cell-Cell Contact","PMID: 24223577","CLEC2D_KLRB1"
"CLEC2A","KLRB1","CLEC","Cell-Cell Contact","PMID: 24223577","CLEC2A_KLRB1"
"CLEC2B","KLRB1","CLEC","Cell-Cell Contact","PMID: 24223577","CLEC2B_KLRB1"
"CD69","KLRB1","CLEC","Cell-Cell Contact","PMID: 24223577","CD69_KLRB1"
"CLEC2L","KLRB1","CLEC","Cell-Cell Contact","PMID: 24223577","CLEC2L_KLRB1"
"CLEC1B","KLRB1","CLEC","Cell-Cell Contact","PMID: 24223577","CLEC1B_KLRB1"
"NFASC","CNTN1_CNTNAP1","CNTN","Cell-Cell Contact","KEGG: hsa04514","NFASC_CNTN1_CNTNAP1"
"CNTN2","CNTN2_CNTNAP2","CNTN","Cell-Cell Contact","KEGG: hsa04514","CNTN2_CNTN2_CNTNAP2"
"CNTN2","L1CAM","CNTN","Cell-Cell Contact","KEGG: hsa04514","CNTN2_L1CAM"
"CNTN2","CNTN2","CNTN","Cell-Cell Contact","KEGG: hsa04514","CNTN2_CNTN2"
"CNTN1","NRCAM","CNTN","Cell-Cell Contact","KEGG: hsa04514","CNTN1_NRCAM"
"CSPG4","ITGA3_ITGB1","CSPG4","Cell-Cell Contact","PMID: 30213051","CSPG4_ITGA3_ITGB1"
"DSC1","DSG1","DESMOSOME","Cell-Cell Contact","PMID: 27298358","DSC1_DSG1"
"DSC1","DSG2","DESMOSOME","Cell-Cell Contact","PMID: 27298358","DSC1_DSG2"
"DSC2","DSG1","DESMOSOME","Cell-Cell Contact","PMID: 27298358","DSC2_DSG1"
"DSC2","DSG2","DESMOSOME","Cell-Cell Contact","PMID: 27298358","DSC2_DSG2"
"DSG1","DSC3","DESMOSOME","Cell-Cell Contact","PMID: 27298358","DSG1_DSC3"
"DSG2","DSC3","DESMOSOME","Cell-Cell Contact","PMID: 27298358","DSG2_DSC3"
"EPGN","EGFR","EPGN","Cell-Cell Contact","PMID: 27298358","EPGN_EGFR"
"EFNA1","EPHA1","EPHA","Cell-Cell Contact","PMID: 15114347","EFNA1_EPHA1"
"EFNA1","EPHA2","EPHA","Cell-Cell Contact","PMID: 15114347","EFNA1_EPHA2"
"EFNA1","EPHA3","EPHA","Cell-Cell Contact","PMID: 15114347","EFNA1_EPHA3"
"EFNA1","EPHA4","EPHA","Cell-Cell Contact","PMID: 15114347","EFNA1_EPHA4"
"EFNA1","EPHA5","EPHA","Cell-Cell Contact","PMID: 15114347","EFNA1_EPHA5"
"EFNA1","EPHA7","EPHA","Cell-Cell Contact","PMID: 15114347","EFNA1_EPHA7"
"EFNA1","EPHA8","EPHA","Cell-Cell Contact","PMID: 15114347","EFNA1_EPHA8"
"EFNA2","EPHA1","EPHA","Cell-Cell Contact","PMID: 15114347","EFNA2_EPHA1"
"EFNA2","EPHA2","EPHA","Cell-Cell Contact","PMID: 15114347","EFNA2_EPHA2"
"EFNA2","EPHA3","EPHA","Cell-Cell Contact","PMID: 15114347","EFNA2_EPHA3"
"EFNA2","EPHA4","EPHA","Cell-Cell Contact","PMID: 15114347","EFNA2_EPHA4"
"EFNA2","EPHA5","EPHA","Cell-Cell Contact","PMID: 15114347","EFNA2_EPHA5"
"EFNA2","EPHA7","EPHA","Cell-Cell Contact","PMID: 15114347","EFNA2_EPHA7"
"EFNA2","EPHA8","EPHA","Cell-Cell Contact","PMID: 15114347","EFNA2_EPHA8"
"EFNA3","EPHA1","EPHA","Cell-Cell Contact","PMID: 15114347","EFNA3_EPHA1"
"EFNA3","EPHA2","EPHA","Cell-Cell Contact","PMID: 15114347","EFNA3_EPHA2"
"EFNA3","EPHA3","EPHA","Cell-Cell Contact","PMID: 15114347","EFNA3_EPHA3"
"EFNA3","EPHA4","EPHA","Cell-Cell Contact","PMID: 15114347","EFNA3_EPHA4"
"EFNA3","EPHA5","EPHA","Cell-Cell Contact","PMID: 15114347","EFNA3_EPHA5"
"EFNA3","EPHA7","EPHA","Cell-Cell Contact","PMID: 15114347","EFNA3_EPHA7"
"EFNA3","EPHA8","EPHA","Cell-Cell Contact","PMID: 15114347","EFNA3_EPHA8"
"EFNA4","EPHA1","EPHA","Cell-Cell Contact","PMID: 15114347","EFNA4_EPHA1"
"EFNA4","EPHA2","EPHA","Cell-Cell Contact","PMID: 15114347","EFNA4_EPHA2"
"EFNA4","EPHA3","EPHA","Cell-Cell Contact","PMID: 15114347","EFNA4_EPHA3"
"EFNA4","EPHA4","EPHA","Cell-Cell Contact","PMID: 15114347","EFNA4_EPHA4"
"EFNA4","EPHA5","EPHA","Cell-Cell Contact","PMID: 15114347","EFNA4_EPHA5"
"EFNA4","EPHA7","EPHA","Cell-Cell Contact","PMID: 15114347","EFNA4_EPHA7"
"EFNA4","EPHA8","EPHA","Cell-Cell Contact","PMID: 15114347","EFNA4_EPHA8"
"EFNA5","EPHA1","EPHA","Cell-Cell Contact","PMID: 15114347","EFNA5_EPHA1"
"EFNA5","EPHA2","EPHA","Cell-Cell Contact","PMID: 15114347","EFNA5_EPHA2"
"EFNA5","EPHA3","EPHA","Cell-Cell Contact","PMID: 15114347","EFNA5_EPHA3"
"EFNA5","EPHA4","EPHA","Cell-Cell Contact","PMID: 15114347","EFNA5_EPHA4"
"EFNA5","EPHA5","EPHA","Cell-Cell Contact","PMID: 15114347","EFNA5_EPHA5"
"EFNA5","EPHA7","EPHA","Cell-Cell Contact","PMID: 15114347","EFNA5_EPHA7"
"EFNA5","EPHA8","EPHA","Cell-Cell Contact","PMID: 15114347","EFNA5_EPHA8"
"EFNA5","EPHB2","EPHA","Cell-Cell Contact","PMID:15107857; PMID: 15114347","EFNA5_EPHB2"
"EFNB1","EPHA4","EPHB","Cell-Cell Contact","PMID: 15114347","EFNB1_EPHA4"
"EFNB1","EPHB1","EPHB","Cell-Cell Contact","PMID: 15114347","EFNB1_EPHB1"
"EFNB1","EPHB2","EPHB","Cell-Cell Contact","PMID: 15114347","EFNB1_EPHB2"
"EFNB1","EPHB3","EPHB","Cell-Cell Contact","PMID: 15114347","EFNB1_EPHB3"
"EFNB1","EPHB4","EPHB","Cell-Cell Contact","PMID: 15114347","EFNB1_EPHB4"
"EFNB2","EPHA4","EPHB","Cell-Cell Contact","PMID: 15114347","EFNB2_EPHA4"
"EFNB2","EPHB1","EPHB","Cell-Cell Contact","PMID: 15114347","EFNB2_EPHB1"
"EFNB2","EPHB2","EPHB","Cell-Cell Contact","PMID: 15114347","EFNB2_EPHB2"
"EFNB2","EPHB3","EPHB","Cell-Cell Contact","PMID: 15114347","EFNB2_EPHB3"
"EFNB2","EPHB4","EPHB","Cell-Cell Contact","PMID: 15114347","EFNB2_EPHB4"
"EFNB3","EPHA4","EPHB","Cell-Cell Contact","PMID: 15114347","EFNB3_EPHA4"
"EFNB3","EPHB1","EPHB","Cell-Cell Contact","PMID: 15114347","EFNB3_EPHB1"
"EFNB3","EPHB2","EPHB","Cell-Cell Contact","PMID: 15114347","EFNB3_EPHB2"
"EFNB3","EPHB3","EPHB","Cell-Cell Contact","PMID: 15114347","EFNB3_EPHB3"
"EFNB3","EPHB4","EPHB","Cell-Cell Contact","PMID: 15114347","EFNB3_EPHB4"
"EFNB3","EPHB6","EPHB","Cell-Cell Contact","PMID: 15114347","EFNB3_EPHB6"
"ESAM","ESAM","ESAM","Cell-Cell Contact","KEGG: hsa04514; PMID: 11279107","ESAM_ESAM"
"GP1BA","ITGAM_ITGB2","GP1BA","Cell-Cell Contact","PMC2194217","GP1BA_ITGAM_ITGB2"
"ICAM1","ITGAX_ITGB2","ICAM","Cell-Cell Contact","PMID: 16252253","ICAM1_ITGAX_ITGB2"
"ICAM1","ITGAL_ITGB2","ICAM","Cell-Cell Contact","KEGG: hsa04514","ICAM1_ITGAL_ITGB2"
"ICAM2","ITGAL_ITGB2","ICAM","Cell-Cell Contact","KEGG: hsa04514","ICAM2_ITGAL_ITGB2"
"ICAM1","ITGAM_ITGB2","ICAM","Cell-Cell Contact","KEGG: hsa04514","ICAM1_ITGAM_ITGB2"
"ICAM2","ITGAM_ITGB2","ICAM","Cell-Cell Contact","KEGG: hsa04514","ICAM2_ITGAM_ITGB2"
"ICAM1","ITGAL","ICAM","Cell-Cell Contact","PMID: 23602662","ICAM1_ITGAL"
"ICAM1","SPN","ICAM","Cell-Cell Contact","PMID: 1683685","ICAM1_SPN"
"ICAM5","CD209","ICAM","Cell-Cell Contact","PMID: 15795245","ICAM5_CD209"
"ICOSLG","ICOS","ICOS","Cell-Cell Contact","PMID: 23954143","ICOSLG_ICOS"
"ICOSLG","CD28","ICOS","Cell-Cell Contact","KEGG: hsa04514","ICOSLG_CD28"
"ICOSLG","CTLA4","ICOS","Cell-Cell Contact","KEGG: hsa04514","ICOSLG_CTLA4"
"ITGB2","CD226","ITGB2","Cell-Cell Contact","KEGG: hsa04514","ITGB2_CD226"
"ITGB2","ICAM1","ITGB2","Cell-Cell Contact","KEGG: hsa04514","ITGB2_ICAM1"
"ITGB2","ICAM2","ITGB2","Cell-Cell Contact","KEGG: hsa04514","ITGB2_ICAM2"
"JAM2","ITGA3_ITGB1","JAM","Cell-Cell Contact","PMID: 12070135","JAM2_ITGA3_ITGB1"
"JAM2","ITGAV_ITGB1","JAM","Cell-Cell Contact","KEGG: hsa04514","JAM2_ITGAV_ITGB1"
"JAM3","ITGAM_ITGB2","JAM","Cell-Cell Contact","KEGG: hsa04514; PMID: 16118203, PMC2194005","JAM3_ITGAM_ITGB2"
"F11R","ITGAL_ITGB2","JAM","Cell-Cell Contact","PMID: 11812992","F11R_ITGAL_ITGB2"
"JAM2","JAM3","JAM","Cell-Cell Contact","PMC1237098;  PMID: 11590146","JAM2_JAM3"
"F11R","F11R","JAM","Cell-Cell Contact","KEGG: hsa04514","F11R_F11R"
"F11R","JAM2","JAM","Cell-Cell Contact","KEGG: hsa04514","F11R_JAM2"
"F11R","JAM3","JAM","Cell-Cell Contact","KEGG: hsa04514","F11R_JAM3"
"JAM2","F11R","JAM","Cell-Cell Contact","KEGG: hsa04514","JAM2_F11R"
"JAM2","JAM2","JAM","Cell-Cell Contact","KEGG: hsa04514","JAM2_JAM2"
"JAM3","F11R","JAM","Cell-Cell Contact","KEGG: hsa04514","JAM3_F11R"
"JAM3","JAM2","JAM","Cell-Cell Contact","KEGG: hsa04514","JAM3_JAM2"
"JAM3","JAM3","JAM","Cell-Cell Contact","KEGG: hsa04514","JAM3_JAM3"
"L1CAM","ITGAV_ITGB3","L1CAM","Cell-Cell Contact","PMID: 9396761","L1CAM_ITGAV_ITGB3"
"L1CAM","ITGA4_ITGB7","L1CAM","Cell-Cell Contact","PMID: 8557754","L1CAM_ITGA4_ITGB7"
"L1CAM","L1CAM","L1CAM","Cell-Cell Contact","PMID: 18701456","L1CAM_L1CAM"
"LCK","CD8 receptor","LCK","Cell-Cell Contact","PMID: 25427562","LCK_CD8 receptor"
"MADCAM1","ITGA4_ITGB7","MADCAM","Cell-Cell Contact","KEGG: hsa04514; PMID: 7517418","MADCAM1_ITGA4_ITGB7"
"MAG","MAG","MAG","Cell-Cell Contact","KEGG: hsa04514","MAG_MAG"
"HLA-A","CD8A","MHC-I","Cell-Cell Contact","KEGG: hsa04514","HLA-A_CD8A"
"HLA-B","CD8A","MHC-I","Cell-Cell Contact","KEGG: hsa04514","HLA-B_CD8A"
"HLA-C","CD8A","MHC-I","Cell-Cell Contact","KEGG: hsa04514","HLA-C_CD8A"
"HLA-E","CD8A","MHC-I","Cell-Cell Contact","KEGG: hsa04514","HLA-E_CD8A"
"HLA-F","CD8A","MHC-I","Cell-Cell Contact","KEGG: hsa04514","HLA-F_CD8A"
"HLA-G","CD8A","MHC-I","Cell-Cell Contact","KEGG: hsa04514","HLA-G_CD8A"
"HLA-A","CD8B","MHC-I","Cell-Cell Contact","KEGG: hsa04514","HLA-A_CD8B"
"HLA-B","CD8B","MHC-I","Cell-Cell Contact","KEGG: hsa04514","HLA-B_CD8B"
"HLA-C","CD8B","MHC-I","Cell-Cell Contact","KEGG: hsa04514","HLA-C_CD8B"
"HLA-E","CD8B","MHC-I","Cell-Cell Contact","KEGG: hsa04514","HLA-E_CD8B"
"HLA-F","CD8B","MHC-I","Cell-Cell Contact","KEGG: hsa04514","HLA-F_CD8B"
"HLA-G","CD8B","MHC-I","Cell-Cell Contact","KEGG: hsa04514","HLA-G_CD8B"
"HLA-A","CD8B2","MHC-I","Cell-Cell Contact","KEGG: hsa04514","HLA-A_CD8B2"
"HLA-B","CD8B2","MHC-I","Cell-Cell Contact","KEGG: hsa04514","HLA-B_CD8B2"
"HLA-C","CD8B2","MHC-I","Cell-Cell Contact","KEGG: hsa04514","HLA-C_CD8B2"
"HLA-E","CD8B2","MHC-I","Cell-Cell Contact","KEGG: hsa04514","HLA-E_CD8B2"
"HLA-F","CD8B2","MHC-I","Cell-Cell Contact","KEGG: hsa04514","HLA-F_CD8B2"
"HLA-G","CD8B2","MHC-I","Cell-Cell Contact","KEGG: hsa04514","HLA-G_CD8B2"
"HLA-C","KIR2DL1","MHC-I","Cell-Cell Contact","PMID: 28484462","HLA-C_KIR2DL1"
"HLA-C","KIR2DL2","MHC-I","Cell-Cell Contact","PMID: 28484462","HLA-C_KIR2DL2"
"HLA-C","KIR2DL3","MHC-I","Cell-Cell Contact","PMID: 28484462","HLA-C_KIR2DL3"
"HLA-C","KIR2DS1","MHC-I","Cell-Cell Contact","PMID: 28484462","HLA-C_KIR2DS1"
"HLA-C","KIR2DS4","MHC-I","Cell-Cell Contact","PMID: 28484462","HLA-C_KIR2DS4"
"HLA-G","LILRB1","MHC-I","Cell-Cell Contact","PMID: 28484462","HLA-G_LILRB1"
"HLA-G","LILRB2","MHC-I","Cell-Cell Contact","PMID: 28484462","HLA-G_LILRB2"
"HLA-F","KIR3DL1","MHC-I","Cell-Cell Contact","PMID: 28484462","HLA-F_KIR3DL1"
"HLA-F","KIR3DL2","MHC-I","Cell-Cell Contact","PMID: 28484462","HLA-F_KIR3DL2"
"HLA-B","KIR3DL2","MHC-I","Cell-Cell Contact","PMID: 28484462","HLA-B_KIR3DL2"
"HLA-C","KIR3DL3","MHC-I","Cell-Cell Contact","PMID: 28484462","HLA-C_KIR3DL3"
"HLA-E","KLRC1","MHC-I","Cell-Cell Contact","PMID: 24223577","HLA-E_KLRC1"
"HLA-E","KLRC2","MHC-I","Cell-Cell Contact","PMID: 26697006","HLA-E_KLRC2"
"HLA-A","KIR3DL1","MHC-I","Cell-Cell Contact","PMID: 28484462","HLA-A_KIR3DL1"
"HLA-F","LILRB1","MHC-I","Cell-Cell Contact","PMID: 28484462","HLA-F_LILRB1"
"HLA-E","KLRK1","MHC-I","Cell-Cell Contact","PMID: 28484462","HLA-E_KLRK1"
"HLA-F","KIR3DS1","MHC-I","Cell-Cell Contact","PMID: 28484462","HLA-F_KIR3DS1"
"HLA-E","CD94:NKG2A","MHC-I","Cell-Cell Contact","PMID: 28484462","HLA-E_CD94:NKG2A"
"HLA-E","CD94:NKG2C","MHC-I","Cell-Cell Contact","PMID: 28484462","HLA-E_CD94:NKG2C"
"HLA-E","CD94:NKG2E","MHC-I","Cell-Cell Contact","PMID: 28484462","HLA-E_CD94:NKG2E"
"ULBP1","KLRK1","MHC-I","Cell-Cell Contact","PMID: 24223577","ULBP1_KLRK1"
"RAET1E","KLRK1","MHC-I","Cell-Cell Contact","PMID: 24223577","RAET1E_KLRK1"
"RAET1G","KLRK1","MHC-I","Cell-Cell Contact","PMID: 24223577","RAET1G_KLRK1"
"RAET1F","KLRK1","MHC-I","Cell-Cell Contact","PMID: 24223577","RAET1F_KLRK1"
"HLA-DPA1","CD4","MHC-II","Cell-Cell Contact","KEGG: hsa04514","HLA-DPA1_CD4"
"HLA-DPB1","CD4","MHC-II","Cell-Cell Contact","KEGG: hsa04514","HLA-DPB1_CD4"
"HLA-DQA1","CD4","MHC-II","Cell-Cell Contact","KEGG: hsa04514","HLA-DQA1_CD4"
"HLA-DMA","CD4","MHC-II","Cell-Cell Contact","KEGG: hsa04514","HLA-DMA_CD4"
"HLA-DMB","CD4","MHC-II","Cell-Cell Contact","KEGG: hsa04514","HLA-DMB_CD4"
"HLA-DQA2","CD4","MHC-II","Cell-Cell Contact","KEGG: hsa04514","HLA-DQA2_CD4"
"HLA-DOA","CD4","MHC-II","Cell-Cell Contact","KEGG: hsa04514","HLA-DOA_CD4"
"HLA-DOB","CD4","MHC-II","Cell-Cell Contact","KEGG: hsa04514","HLA-DOB_CD4"
"HLA-DQB1","CD4","MHC-II","Cell-Cell Contact","KEGG: hsa04514","HLA-DQB1_CD4"
"HLA-DRA","CD4","MHC-II","Cell-Cell Contact","KEGG: hsa04514","HLA-DRA_CD4"
"HLA-DRB1","CD4","MHC-II","Cell-Cell Contact","KEGG: hsa04514","HLA-DRB1_CD4"
"HLA-DRB3","CD4","MHC-II","Cell-Cell Contact","KEGG: hsa04514","HLA-DRB3_CD4"
"HLA-DRB4","CD4","MHC-II","Cell-Cell Contact","KEGG: hsa04514","HLA-DRB4_CD4"
"HLA-DRB5","CD4","MHC-II","Cell-Cell Contact","KEGG: hsa04514","HLA-DRB5_CD4"
"MPZ","MPZL1","MPZ","Cell-Cell Contact","KEGG: hsa04514","MPZ_MPZL1"
"MPZ","MPZ","MPZ","Cell-Cell Contact","KEGG: hsa04514","MPZ_MPZ"
"MPZL1","MPZL1","MPZ","Cell-Cell Contact","KEGG: hsa04514","MPZL1_MPZL1"
"NCAM1","FGFR1","NCAM","Cell-Cell Contact","PMID: 12791257","NCAM1_FGFR1"
"NCAM1","NCAM1","NCAM","Cell-Cell Contact","KEGG: hsa04514","NCAM1_NCAM1"
"NCAM1","NCAM2","NCAM","Cell-Cell Contact","KEGG: hsa04514","NCAM1_NCAM2"
"NCAM1","L1CAM","NCAM","Cell-Cell Contact","KEGG: hsa04514","NCAM1_L1CAM"
"NCAM2","L1CAM","NCAM","Cell-Cell Contact","KEGG: hsa04514","NCAM2_L1CAM"
"NECTIN1","CADM3","NECTIN","Cell-Cell Contact","PMID: 23027581","NECTIN1_CADM3"
"NECTIN1","CD96","NECTIN","Cell-Cell Contact","PMID: 23027581","NECTIN1_CD96"
"NECTIN1","NECTIN4","NECTIN","Cell-Cell Contact","PMID: 23027581","NECTIN1_NECTIN4"
"NECTIN3","NECTIN1","NECTIN","Cell-Cell Contact","PMID: 23027581","NECTIN3_NECTIN1"
"NECTIN3","NECTIN2","NECTIN","Cell-Cell Contact","PMID: 23027581","NECTIN3_NECTIN2"
"NECTIN3","PVR","NECTIN","Cell-Cell Contact","PMID: 23027581","NECTIN3_PVR"
"NECTIN3","TIGIT","NECTIN","Cell-Cell Contact","KEGG: hsa04514; PMID: 1313846","NECTIN3_TIGIT"
"NECTIN2","CD226","NECTIN","Cell-Cell Contact","KEGG: hsa04514","NECTIN2_CD226"
"NECTIN2","TIGIT","NECTIN","Cell-Cell Contact","KEGG: hsa04514","NECTIN2_TIGIT"
"NECTIN1","NECTIN3","NECTIN","Cell-Cell Contact","KEGG: hsa04514","NECTIN1_NECTIN3"
"NEGR1","NEGR1","NEGR","Cell-Cell Contact","KEGG: hsa04514","NEGR1_NEGR1"
"LRRC4C","NTNG1","NGL","Cell-Cell Contact","KEGG: hsa04514","LRRC4C_NTNG1"
"LRRC4","NTNG2","NGL","Cell-Cell Contact","KEGG: hsa04514","LRRC4_NTNG2"
"LRRC4B","PTPRF","NGL","Cell-Cell Contact","KEGG: hsa04514","LRRC4B_PTPRF"
"ULBP1","KLRK1_HCST","NKG2D","Cell-Cell Contact","PMID: 24223577","ULBP1_KLRK1_HCST"
"DLK1","NOTCH1","NOTCH","Cell-Cell Contact","PMID: 22353464","DLK1_NOTCH1"
"DLK1","NOTCH2","NOTCH","Cell-Cell Contact","PMID: 22353464","DLK1_NOTCH2"
"DLK1","NOTCH3","NOTCH","Cell-Cell Contact","PMID: 22353464","DLK1_NOTCH3"
"DLK1","NOTCH4","NOTCH","Cell-Cell Contact","PMID: 22353464","DLK1_NOTCH4"
"DLL1","NOTCH1","NOTCH","Cell-Cell Contact","PMID: 22353464","DLL1_NOTCH1"
"DLL1","NOTCH3","NOTCH","Cell-Cell Contact","PMID: 22353464","DLL1_NOTCH3"
"DLL1","NOTCH4","NOTCH","Cell-Cell Contact","PMID: 22353464","DLL1_NOTCH4"
"DLL3","NOTCH1","NOTCH","Cell-Cell Contact","PMID: 22353464","DLL3_NOTCH1"
"DLL3","NOTCH2","NOTCH","Cell-Cell Contact","PMID: 22353464","DLL3_NOTCH2"
"DLL3","NOTCH3","NOTCH","Cell-Cell Contact","PMID: 22353464","DLL3_NOTCH3"
"DLL3","NOTCH4","NOTCH","Cell-Cell Contact","PMID: 22353464","DLL3_NOTCH4"
"DLL4","NOTCH1","NOTCH","Cell-Cell Contact","PMID: 22353464","DLL4_NOTCH1"
"DLL4","NOTCH2","NOTCH","Cell-Cell Contact","PMID: 22353464","DLL4_NOTCH2"
"DLL4","NOTCH3","NOTCH","Cell-Cell Contact","PMID: 22353464","DLL4_NOTCH3"
"DLL4","NOTCH4","NOTCH","Cell-Cell Contact","PMID: 22353464","DLL4_NOTCH4"
"JAG1","NOTCH1","NOTCH","Cell-Cell Contact","PMID: 22353464","JAG1_NOTCH1"
"JAG1","NOTCH2","NOTCH","Cell-Cell Contact","PMID: 22353464","JAG1_NOTCH2"
"JAG1","NOTCH3","NOTCH","Cell-Cell Contact","PMID: 22353464","JAG1_NOTCH3"
"JAG1","NOTCH4","NOTCH","Cell-Cell Contact","PMID: 22353464","JAG1_NOTCH4"
"JAG2","NOTCH1","NOTCH","Cell-Cell Contact","PMID: 22353464","JAG2_NOTCH1"
"JAG2","NOTCH2","NOTCH","Cell-Cell Contact","PMID: 22353464","JAG2_NOTCH2"
"JAG2","NOTCH3","NOTCH","Cell-Cell Contact","PMID: 22353464","JAG2_NOTCH3"
"JAG2","NOTCH4","NOTCH","Cell-Cell Contact","PMID: 22353464","JAG2_NOTCH4"
"DLL1","NOTCH2","NOTCH","Cell-Cell Contact","PMID: 22353464","DLL1_NOTCH2"
"NRXN1","NLGN1","NRXN","Cell-Cell Contact","KEGG: hsa04514","NRXN1_NLGN1"
"NRXN1","NLGN2","NRXN","Cell-Cell Contact","KEGG: hsa04514","NRXN1_NLGN2"
"NRXN1","NLGN3","NRXN","Cell-Cell Contact","KEGG: hsa04514","NRXN1_NLGN3"
"NRXN2","NLGN1","NRXN","Cell-Cell Contact","KEGG: hsa04514","NRXN2_NLGN1"
"NRXN2","NLGN2","NRXN","Cell-Cell Contact","KEGG: hsa04514","NRXN2_NLGN2"
"NRXN2","NLGN3","NRXN","Cell-Cell Contact","KEGG: hsa04514","NRXN2_NLGN3"
"NRXN3","NLGN1","NRXN","Cell-Cell Contact","KEGG: hsa04514","NRXN3_NLGN1"
"NRXN3","NLGN2","NRXN","Cell-Cell Contact","KEGG: hsa04514","NRXN3_NLGN2"
"NRXN3","NLGN3","NRXN","Cell-Cell Contact","KEGG: hsa04514","NRXN3_NLGN3"
"OCLN","OCLN","OCLN","Cell-Cell Contact","KEGG: hsa04514","OCLN_OCLN"
"CD274","PDCD1","PD-L1","Cell-Cell Contact","PMID: 23954143","CD274_PDCD1"
"PDCD1LG2","PDCD1","PDL2","Cell-Cell Contact","PMID: 23954143","PDCD1LG2_PDCD1"
"PECAM1","PECAM1","PECAM1","Cell-Cell Contact","KEGG: hsa04514","PECAM1_PECAM1"
"PTPRM","PTPRM","PTPRM","Cell-Cell Contact","KEGG: hsa04514","PTPRM_PTPRM"
"PVR","CD226","PVR","Cell-Cell Contact","KEGG: hsa04514","PVR_CD226"
"PVR","TIGIT","PVR","Cell-Cell Contact","KEGG: hsa04514","PVR_TIGIT"
"SELE","CD44","SELE","Cell-Cell Contact","PMC4571854","SELE_CD44"
"SELE","GLG1","SELE","Cell-Cell Contact","PMID: 11404363","SELE_GLG1"
"SELL","CD34","SELL","Cell-Cell Contact","PMID: 7692600; PMID: 8977216","SELL_CD34"
"SELL","PODXL","SELL","Cell-Cell Contact","PMID: 22814396","SELL_PODXL"
"SELL","GLYCAM1","SELL","Cell-Cell Contact","KEGG: hsa04514","SELL_GLYCAM1"
"SELL","MADCAM1","SELL","Cell-Cell Contact","KEGG: hsa04514","SELL_MADCAM1"
"SELPLG","SELE","SELPLG","Cell-Cell Contact","PMC4571854","SELPLG_SELE"
"SELPLG","SELL","SELPLG","Cell-Cell Contact","PMC2431087; PMID:  8892633,PMID:  8896607","SELPLG_SELL"
"SELPLG","SELP","SELPLG","Cell-Cell Contact","PMID: 19118202; PMID: 9829984","SELPLG_SELP"
"SEMA4A","NRP1_PLXNA1","SEMA4","Cell-Cell Contact","PMID: 27533782","SEMA4A_NRP1_PLXNA1"
"SEMA4A","NRP1_PLXNA2","SEMA4","Cell-Cell Contact","PMID: 27533782","SEMA4A_NRP1_PLXNA2"
"SEMA4A","NRP1_PLXNA3","SEMA4","Cell-Cell Contact","PMID: 27533782","SEMA4A_NRP1_PLXNA3"
"SEMA4A","NRP1_PLXNA4","SEMA4","Cell-Cell Contact","PMID: 27533782","SEMA4A_NRP1_PLXNA4"
"SEMA4A","PLXNB1","SEMA4","Cell-Cell Contact","PMID: 27533782","SEMA4A_PLXNB1"
"SEMA4A","PLXNB2","SEMA4","Cell-Cell Contact","PMID: 27533782","SEMA4A_PLXNB2"
"SEMA4A","PLXNB3","SEMA4","Cell-Cell Contact","PMID: 27533782","SEMA4A_PLXNB3"
"SEMA4D","PLXNB1","SEMA4","Cell-Cell Contact","PMID: 27533782","SEMA4D_PLXNB1"
"SEMA4D","PLXNB2","SEMA4","Cell-Cell Contact","PMID: 27533782","SEMA4D_PLXNB2"
"SEMA4D","PLXNB3","SEMA4","Cell-Cell Contact","PMID: 27533782","SEMA4D_PLXNB3"
"SEMA4C","PLXNB2","SEMA4","Cell-Cell Contact","PMID: 27533782","SEMA4C_PLXNB2"
"SEMA4G","PLXNB2","SEMA4","Cell-Cell Contact","PMID: 27533782","SEMA4G_PLXNB2"
"SEMA4D","CD72","SEMA4","Cell-Cell Contact","PMID: 22325954","SEMA4D_CD72"
"SEMA5A","PLXNA1","SEMA5","Cell-Cell Contact","PMID: 27533782","SEMA5A_PLXNA1"
"SEMA5B","PLXNA1","SEMA5","Cell-Cell Contact","PMID: 27533782","SEMA5B_PLXNA1"
"SEMA5A","PLXNA3","SEMA5","Cell-Cell Contact","PMID: 27533782","SEMA5A_PLXNA3"
"SEMA5B","PLXNA3","SEMA5","Cell-Cell Contact","PMID: 27533782","SEMA5B_PLXNA3"
"SEMA5A","PLXNB3","SEMA5","Cell-Cell Contact","PMID: 27533782","SEMA5A_PLXNB3"
"SEMA6D","PLXNA1_KDR","SEMA6","Cell-Cell Contact","PMID: 22325954","SEMA6D_PLXNA1_KDR"
"SEMA6D","PLXNA1_TREM2","SEMA6","Cell-Cell Contact","PMID: 22325954","SEMA6D_PLXNA1_TREM2"
"SEMA6D","PLXNA1","SEMA6","Cell-Cell Contact","PMID: 27533782","SEMA6D_PLXNA1"
"SEMA6A","PLXNA2","SEMA6","Cell-Cell Contact","PMID: 27533782","SEMA6A_PLXNA2"
"SEMA6B","PLXNA2","SEMA6","Cell-Cell Contact","PMID: 27533782","SEMA6B_PLXNA2"
"SEMA6A","PLXNA4","SEMA6","Cell-Cell Contact","PMID: 27533782","SEMA6A_PLXNA4"
"SEMA6B","PLXNA4","SEMA6","Cell-Cell Contact","PMID: 27533782","SEMA6B_PLXNA4"
"SEMA7A","ITGB1_ITGA1","SEMA7","Cell-Cell Contact","PMID: 22325954","SEMA7A_ITGB1_ITGA1"
"SEMA7A","PLXNC1","SEMA7","Cell-Cell Contact","PMID: 27533782","SEMA7A_PLXNC1"
"SIGLEC1","SPN","SN","Cell-Cell Contact","KEGG: hsa04514; PMID: 11238599","SIGLEC1_SPN"
"THY1","ITGAM_ITGB2","THY1","Cell-Cell Contact","PMID: 15850796","THY1_ITGAM_ITGB2"
"THY1","ITGAX_ITGB2","THY1","Cell-Cell Contact","PMID: 15850796","THY1_ITGAX_ITGB2"
"THY1","ITGAV_ITGB3","THY1","Cell-Cell Contact","PMID: 29212879; PMID: 18346467","THY1_ITGAV_ITGB3"
"TIGIT","NECTIN2","TIGIT","Cell-Cell Contact","PMID: 1313846; PMID:24987108","TIGIT_NECTIN2"
"TIGIT","PVR","TIGIT","Cell-Cell Contact","PMID:24987108","TIGIT_PVR"
"ITGA4_ITGB1","VCAM1","VCAM","Cell-Cell Contact","KEGG: hsa04514","ITGA4_ITGB1_VCAM1"
"ITGA9_ITGB1","VCAM1","VCAM","Cell-Cell Contact","KEGG: hsa04514","ITGA9_ITGB1_VCAM1"
"ITGA4_ITGB7","VCAM1","VCAM","Cell-Cell Contact","KEGG: hsa04514","ITGA4_ITGB7_VCAM1"
"VSIR","IGSF11","VISTA","Cell-Cell Contact","KEGG: hsa04514","VSIR_IGSF11"
